-- phpMyAdmin SQL Dump
-- version 5.2.3
-- https://www.phpmyadmin.net/
--
-- Host: localhost
-- Erstellungszeit: 03. Apr 2026 um 14:50
-- Server-Version: 10.6.23-MariaDB-0ubuntu0.22.04.1-log
-- PHP-Version: 7.4.33-nmm8

SET SQL_MODE = "NO_AUTO_VALUE_ON_ZERO";
START TRANSACTION;
SET time_zone = "+00:00";


/*!40101 SET @OLD_CHARACTER_SET_CLIENT=@@CHARACTER_SET_CLIENT */;
/*!40101 SET @OLD_CHARACTER_SET_RESULTS=@@CHARACTER_SET_RESULTS */;
/*!40101 SET @OLD_COLLATION_CONNECTION=@@COLLATION_CONNECTION */;
/*!40101 SET NAMES utf8mb4 */;

--
-- Datenbank: `d04564c5`
--

-- --------------------------------------------------------

--
-- Tabellenstruktur für Tabelle `bewerber`
--

CREATE TABLE `bewerber` (
  `id` int(11) NOT NULL,
  `vorname` varchar(100) DEFAULT NULL,
  `nachname` varchar(100) DEFAULT NULL,
  `strasse` varchar(150) DEFAULT NULL,
  `plz` varchar(10) DEFAULT NULL,
  `ort` varchar(100) DEFAULT NULL,
  `telefon` varchar(50) DEFAULT NULL,
  `email` varchar(100) DEFAULT NULL,
  `fischerkartennummer` varchar(50) DEFAULT NULL,
  `bewerbungsdatum` date DEFAULT NULL,
  `notizen` text DEFAULT NULL,
  `geburtsdatum` date DEFAULT NULL
) ENGINE=InnoDB DEFAULT CHARSET=utf8mb4 COLLATE=utf8mb4_unicode_ci;

--
-- Daten für Tabelle `bewerber`
--

INSERT INTO `bewerber` (`id`, `vorname`, `nachname`, `strasse`, `plz`, `ort`, `telefon`, `email`, `fischerkartennummer`, `bewerbungsdatum`, `notizen`, `geburtsdatum`) VALUES
(18, 'Visar', 'Xheladini', 'Lenaustrasse 25/4', '2000', 'Stockerau', '06767783512', 'uniique_lena@hotmail.de', '01167/24', '2025-04-28', 'Bitte um eine Fischereilizenz.', NULL),
(19, 'Truong Giang', 'Le', 'Agnesstraße 63', '3400', 'Klosterneuburg', '06604622287', 'le.josef@yahoo.com', '02269/24', '2025-05-07', 'Sehr geehrte Damen und Herren, ich würde gerne eine Jahreslizenz erwerben. Mit der Bitte um Kontaktaufnahme verbleibe ich Herzlichst LE Truong Giang', NULL),
(20, 'Jan', 'Buxbaum', 'Hötzendorfgasse 20', '3423', 'Wördern', '06502386562', 'nina.buxbaum@gmx.at', NULL, '2025-09-16', 'Hallo, ich möchte mich bitte für die Fischereilizenz 2026 vormerken lassen. Jan Buxbaum Gebdatum: 28.12.2011 Danke ! LG Jan Buxbaum', '2011-12-28'),
(22, 'Jan', 'Jablonski', 'Bachgasse 25', '1160', 'Wien', '069919465709', 'office@jj-fishing.at', '3 verschiedene Lizenzen', '2025-11-04', 'Hallo wir sind 3 Angler (Meine Frau, mein Vater und meine Wenigkeit) aus dem Revier Greifenstein / Muckendorf und würden sehr gerne ab 2026 auch in Wördern auf der Donau, sehr gerne Angeln. Wir haben in Muckendorf unser Boot und würden Boots Lizenzen benötigen. Könntet ihr uns sagen ob es freie Bootslizenzen für 2026 gibt und ab wann man diese bei euch kaufen könnte? =) Würde mich sehr freuen über eine Info =) LG Jan Jablonski', NULL),
(23, 'Christoph', 'Gstettner', 'Bachgasse 69/3', '2011', 'Sierndorf', '06767609698', 'christoph_33@gmx.at', '01096/06', '2025-11-19', NULL, NULL),
(24, 'Hannes', 'Fuchs', 'Leobendorferstrasse 57/1/121', '2100', 'Korneuburg', '+43676/9773717', 'hannes.fuchs82@gmail.com', '00836/08', '2025-02-20', 'Sehr geehrter WFV, Auch dieses Jahr würde ich mich gerne für das Kalenderjahr 2026 Anmelden. Dieses Jahr hat es leider nicht geklappt. Ich würde mich für die Zusage für dieses Jahr sehr freuen. Lg Hannes Fuchs', NULL),
(26, 'Milan', 'Bogdanovic', 'Leobersdorfer Straße 113', NULL, NULL, '067764132969', 'milan95@gmx.at', NULL, '2025-11-23', NULL, NULL),
(27, 'Wolfgang', 'Glaser', 'Zöchgasse 29b', '2102', 'Bisamberg', '+4369919134960', 'wolfmann888@icloud.com', '27510/02', '2025-11-27', NULL, NULL),
(30, 'Lucas', 'Fach', 'Lanzendorf 60', '3071', 'Böheimkirchen', '06642041532', 'lucas.f95@icloud.com', '02382/24', '2025-12-04', 'Hallo\nIch und meine Frau wären sehr an einer Lizenz interessiert falls noch Platz wäre\nMit freundlichen Grüßen Lucas Fach', NULL),
(37, 'David', 'Glaser', 'Bahngasse 1/1/3', '2103', 'Langenzersdorf', '06767118915', 'david.glaser81@icloud.com', '00357/07', '2025-12-07', 'Fischereilizenz vom Ufer für 2026\r\nLg David Glaser', NULL),
(38, 'Richard', 'Weiss', 'Donaustraße 50/2', '3423', '/ St. Andrä-Wördern', '067761644218', 'weiss.richard2005@gmail.com', '02157/18', '2025-12-08', 'Ich bitte um eine Fischerkarte für 2025/26.\r\nMfG', NULL),
(44, 'Marinko', 'Djukic', 'Franz Schubert Gasse 17/1/5', '3423', 'St. Andrä-Wördern', '06766417270', 'djukic.moss@gmx.at', '75142/02', '2026-02-02', NULL, NULL),
(47, 'Daniel', 'Creac', 'Immendorf 168', '2022', 'Immendorf', '067684686847', 'danielcreac@gmail.com', '01424/14', '2026-02-13', 'Fischereilizenz  2026', NULL),
(48, 'Filip', 'MARENCIN', 'Unterfeldstrasse 31', '3423', 'St. Andrä-Wördern', '067764836631', NULL, NULL, '2026-02-16', 'Von Marcus Steinböck der Schwager, macht im April die Fischerprüfung.\nlg Martin', NULL),
(49, 'Thomas', 'Friedreich', 'Fultonstrasse 5-11/4/5', '1210', 'Wien', '0664 3056871', 'datom71@gmail.com', '59896/02', '2026-02-19', 'Bin durch einen Arbeitskollegen, welcher schon länger bei euch fischt, auf Ihren Verein aufmerksam geworden. Würde mich sehr freuen wenn ich die Möglichkeit bekommen würde, bei Euch zu fischen. Viel herzlichen Dank.\r\nLG', NULL),
(50, 'Zoltan', 'Farcas', 'Brückenstraße 21/3/19', '2100', 'Korneuburg', NULL, 'zoli.farcas@gmail.com', '01985/24', '2026-02-20', 'Sehr geehrter Herr Brunner, hiermit möchte ich mich anmelden für die Lizenzausgabe 26/27. Mit freundlichen Grüßen, Zoltan Farcas', NULL),
(53, 'Daniela', 'Sommerer', 'Lanzendorf 60', NULL, 'Böheimkirchen', '+436766813740', 'daniela.sommerer@gmail.com', '02385/24', '2026-02-24', 'Mein Lebensgefährte Lucas Fach hat sich bereits früher schon angemeldet, und auch bei seiner Anmeldung vermerkt das wir zu zweit wären', NULL),
(54, 'Marceano', 'Anghel', 'Hafnerstraße 8', '2130', 'Mistelbach', '+436608446694', 'marceano@gmx.de', '36990/02', '2026-02-28', 'Guten Tag,\r\n\r\n	Mein Name ist Marceano Anghel, wohnhaft in:  2130 Mistelbach, Hafnerstraße 8 und geboren am 13.12.1964. Staatsbürgerschaft Österreich. Handy Nr. +436608446694. Ich bin Mitglied der VÖAFV. \r\n	Ich bin seit 16 Jahre Mitglied in einen Verein und ich werde weiter Ihm behalten. Ich besitze die Niederösterreichisches Karte (Lizenz). Ich bin einer Passionierter Angler. Ich hätte gerne einen Jahres Lizenz in euren Revier erwerben. \r\n\r\n	Ich werde mich Frohen auf einer Antwort.\r\n\r\n				Mit Freundliche Grüße,\r\n				marceano anghel\r\n\r\n\r\n				am: 28.02.2026', NULL),
(55, 'Florian', 'Schultz', 'Brückenstrasse 21/3/5', '2100', NULL, '06765441604', 'florianschultz2012@yahoo.com', '01890/16', '2026-03-01', 'Sehr geehrter Herr Brunner, hiermit möchte ich mich für die Lizenzvergabe anmelden. Mit freundlichen Grüßen, Florian Schultz', NULL),
(57, 'Ceclan', 'Nicusor', 'Hauptstraße 154/C', '3001', 'Mauerbach', '+4369917217272', 'niky.ceclan@yahoo.de', 'Serie A14644 Nr:01889/08', '2026-03-02', 'Wie telefonisch besprochen, habe ich mich über Ihr Kontaktformular bei Ihnen angemeldet, um eine Ufer-Fischereilizenz zu erwerben. Meine Kontaktdaten (Name und E-Mail-Adresse) habe ich dort angegeben.\r\n\r\nBis heute wurde ich jedoch noch nicht kontaktiert und habe keine Rückmeldung erhalten. Zwei weitere Freunde von mir – Paraoan Claudiu-Raul und Zarculea Nicolae – haben sich ebenfalls angemeldet und bisher ebenfalls keine E-Mail erhalten.\r\n\r\nWie ebenfalls telefonisch vereinbart, werde ich am Sonntag, den 29. März, um 11:00 Uhr meinen Sohn vorbeischicken, um die Lizenz für mich abzuholen.\r\n\r\nVielen Dank im Voraus.\r\n\r\nMit freundlichen Grüßen Ceclan Nicusor', NULL),
(59, 'Ivan', 'Ripka', NULL, NULL, NULL, NULL, NULL, NULL, '2026-03-13', NULL, NULL),
(60, 'XXX', 'Piller', NULL, NULL, NULL, NULL, NULL, NULL, '2026-03-13', 'Vorjahr', NULL),
(63, 'michael', 'Cordunehnu', NULL, NULL, NULL, NULL, NULL, NULL, '2026-03-28', NULL, NULL),
(66, 'Maximilian', 'Borz', 'Pottenbrunner Hauptstraße 48', '3140', 'Pottenbrunn', '06764044443', 'maxi15black@gmail.com', '02380/24', '2026-03-28', NULL, NULL),
(69, 'Mircea', 'Stoica', 'Brückenstrasse 21/3/5', '2100', 'Korneuburg', '+4369911041971', 'mirceastoica742@gmail.com', '01889/16', '2026-03-29', NULL, NULL),
(70, 'Damir', 'Imamovic', 'Silberseeweg 14', NULL, 'Altenberg', '06508509303', 'dado.imamovic@gmail.com', '00192/18', '2026-03-29', 'Sehr geehrter Herr Obmann,\r\n\r\nich bin gerade krank und habe daher, wie bereits telefonisch besprochen, leider heute den Termin für die Lizenzverlängerung für mich und meinen Sohn verpasst. Wir sind traurig, dass es für diese Saison, keine Lizenzen mehr gibt, ersuche ich darum, meinen Sohn (Matthäus Imamovic Lizenznr. 104 2025 / NÖ Fischerkarte 02350/18) und mich (Damir Imamovic Lizenznr. 105) auf die Warteliste zu stellen.\r\n\r\nGerne bringe ich die alten Lizenzen vorbei, falls das nötig ist. Bitte um diesbezügliche Information. (dado.imamovic@gmail.com, 06508509303)\r\n\r\nMit freundlichen Grüßen und Petri Heil\r\n\r\nDamir Imamovic', NULL),
(71, 'Thomas', 'Friedreich', 'Fultonstrasse 5-11/4/5', '1210', 'Wien', '0664 3056871', 'datom71@gmail.com', '59896/02', '2026-03-31', 'Hallo, \r\nDa ihr heuer (2026) leider keine Lizenz mehr über hattet, möchte ich mich für 2027 schon mal anmelden. Ich war 10 Jahre lang in Wien als Kontrollorgan tätig, zwei Jahre davon als \"beeideter\". Desweiteren habe ich 2025 die Jagdkarte für Niederösterreich gemacht. Also ich werde mit den Fischen Waidgerecht umgehen. Wünsche nich einen schönen Tag und hoffe das ich diesmal früh genug dran bin um eine Lizenz zu bekommen.\r\nSchöne Grüße \r\n\r\nThomas Friedreich', NULL),
(72, 'Georg', 'Fünk', 'Wasserburg 10a', '3140', 'wasserburg', NULL, 'juhufotos@gmx.at', '78206', '2026-04-02', NULL, NULL);

-- --------------------------------------------------------

--
-- Tabellenstruktur für Tabelle `boote`
--

CREATE TABLE `boote` (
  `id` int(11) NOT NULL,
  `lizenznehmer_id` int(11) DEFAULT NULL,
  `bootnummer` varchar(50) DEFAULT NULL,
  `notizen` text DEFAULT NULL,
  `erstellt_am` timestamp NULL DEFAULT current_timestamp(),
  `aktualisiert_am` timestamp NULL DEFAULT current_timestamp() ON UPDATE current_timestamp()
) ENGINE=InnoDB DEFAULT CHARSET=utf8mb4 COLLATE=utf8mb4_unicode_ci;

--
-- Daten für Tabelle `boote`
--

INSERT INTO `boote` (`id`, `lizenznehmer_id`, `bootnummer`, `notizen`, `erstellt_am`, `aktualisiert_am`) VALUES
(24, 170, NULL, 'grünes Ruderboot', '2025-10-26 18:00:51', '2025-11-20 08:50:00'),
(25, 168, 'W-28141', NULL, '2025-10-26 18:00:51', '2026-03-29 07:51:14'),
(26, 171, 'N-26510', NULL, '2025-10-26 18:00:51', '2026-03-29 06:26:11'),
(27, 164, 'W-29004', NULL, '2025-10-26 18:00:51', '2026-03-28 10:19:39'),
(28, 169, 'W-28324', NULL, '2025-10-26 18:00:51', '2026-03-28 10:08:47'),
(29, 79, 'N-34498', '', '2025-10-26 18:00:51', '2025-11-20 08:51:53'),
(30, 167, 'N-34804', 'Donauhexe', '2025-10-26 18:00:51', '2025-11-20 08:52:33'),
(31, 165, 'N-35647', NULL, '2025-10-26 18:00:51', '2026-03-28 07:40:04'),
(32, 172, 'N-34638', NULL, '2025-10-26 18:00:51', '2026-03-29 06:27:06'),
(33, 173, 'W-28755', 'Pilaz Günter', '2025-10-26 18:00:51', '2025-11-20 08:53:20'),
(39, 181, 'N-30693', NULL, '2025-10-26 18:00:51', '2026-03-28 07:04:29'),
(40, 185, 'N-30693', NULL, '2025-10-26 18:00:51', '2026-03-29 06:38:24'),
(41, 187, NULL, 'Kajak Tarn', '2025-10-26 18:00:51', '2026-03-29 06:29:46'),
(42, 188, 'N-31378', NULL, '2025-10-26 18:00:51', '2026-03-28 11:03:45'),
(44, 184, '-----', 'Kein Boot', '2026-03-28 09:53:23', '2026-03-28 09:53:47'),
(45, 183, 'Kein Boot', NULL, '2026-03-28 11:05:33', '2026-03-28 11:05:33'),
(46, 166, 'N-35846', 'Schlauchboot', '2026-03-29 06:07:39', '2026-03-29 06:07:39'),
(47, 186, NULL, 'Kein Boot', '2026-03-29 06:31:21', '2026-03-29 06:31:21');

-- --------------------------------------------------------

--
-- Tabellenstruktur für Tabelle `jahresabschluesse`
--

CREATE TABLE `jahresabschluesse` (
  `jahr` int(11) NOT NULL,
  `abgeschlossen_am` timestamp NULL DEFAULT NULL,
  `anzahl_lizenzen` int(11) DEFAULT NULL,
  `gesamt_kosten` decimal(10,2) DEFAULT NULL,
  `gesamt_trinkgeld` decimal(10,2) DEFAULT NULL,
  `gesamt_einnahmen` decimal(10,2) DEFAULT NULL,
  `notizen` text DEFAULT NULL
) ENGINE=InnoDB DEFAULT CHARSET=utf8mb4 COLLATE=utf8mb4_unicode_ci;

--
-- Daten für Tabelle `jahresabschluesse`
--

INSERT INTO `jahresabschluesse` (`jahr`, `abgeschlossen_am`, `anzahl_lizenzen`, `gesamt_kosten`, `gesamt_trinkgeld`, `gesamt_einnahmen`, `notizen`) VALUES
(2025, '2025-11-20 17:14:19', 160, 15885.00, 0.00, 15885.00, NULL);

-- --------------------------------------------------------

--
-- Tabellenstruktur für Tabelle `lizenzen_2025`
--

CREATE TABLE `lizenzen_2025` (
  `id` int(11) NOT NULL,
  `lizenznehmer_id` int(11) NOT NULL,
  `lizenztyp` enum('Angel','Daubel','Boot','Intern','Kinder','Jugend') NOT NULL,
  `kosten` decimal(10,2) NOT NULL,
  `trinkgeld` decimal(10,2) DEFAULT 0.00,
  `gesamt` decimal(10,2) NOT NULL,
  `zahlungsdatum` date DEFAULT NULL,
  `notizen` text DEFAULT NULL,
  `erstellt_am` timestamp NULL DEFAULT current_timestamp()
) ENGINE=InnoDB DEFAULT CHARSET=utf8mb4 COLLATE=utf8mb4_unicode_ci;

--
-- Daten für Tabelle `lizenzen_2025`
--

INSERT INTO `lizenzen_2025` (`id`, `lizenznehmer_id`, `lizenztyp`, `kosten`, `trinkgeld`, `gesamt`, `zahlungsdatum`, `notizen`, `erstellt_am`) VALUES
(11, 34, 'Kinder', 10.00, 0.00, 10.00, NULL, NULL, '2025-10-26 18:15:21'),
(12, 35, 'Kinder', 10.00, 0.00, 10.00, NULL, NULL, '2025-10-26 18:15:21'),
(13, 36, 'Kinder', 10.00, 0.00, 10.00, NULL, NULL, '2025-10-26 18:15:21'),
(14, 37, 'Kinder', 10.00, 0.00, 10.00, NULL, NULL, '2025-10-26 18:15:21'),
(15, 38, 'Kinder', 10.00, 0.00, 10.00, NULL, NULL, '2025-10-26 18:15:21'),
(16, 39, 'Kinder', 10.00, 0.00, 10.00, NULL, NULL, '2025-10-26 18:15:21'),
(17, 40, 'Kinder', 10.00, 0.00, 10.00, NULL, NULL, '2025-10-26 18:15:21'),
(18, 41, 'Kinder', 10.00, 0.00, 10.00, NULL, NULL, '2025-10-26 18:15:21'),
(19, 42, 'Kinder', 10.00, 0.00, 10.00, NULL, NULL, '2025-10-26 18:15:21'),
(20, 43, 'Kinder', 10.00, 0.00, 10.00, NULL, NULL, '2025-10-26 18:15:21'),
(21, 44, 'Angel', 105.00, 0.00, 105.00, NULL, NULL, '2025-10-26 18:28:34'),
(22, 45, 'Angel', 105.00, 0.00, 105.00, NULL, NULL, '2025-10-26 18:28:34'),
(23, 46, 'Angel', 105.00, 0.00, 105.00, NULL, NULL, '2025-10-26 18:28:34'),
(24, 47, 'Angel', 105.00, 0.00, 105.00, NULL, NULL, '2025-10-26 18:28:34'),
(25, 48, 'Angel', 105.00, 0.00, 105.00, NULL, NULL, '2025-10-26 18:28:34'),
(26, 49, 'Angel', 105.00, 0.00, 105.00, NULL, NULL, '2025-10-26 18:28:34'),
(27, 50, 'Angel', 105.00, 0.00, 105.00, NULL, NULL, '2025-10-26 18:28:34'),
(28, 51, 'Angel', 105.00, 0.00, 105.00, NULL, NULL, '2025-10-26 18:28:34'),
(29, 52, 'Angel', 105.00, 0.00, 105.00, NULL, NULL, '2025-10-26 18:28:34'),
(30, 53, 'Angel', 105.00, 0.00, 105.00, NULL, NULL, '2025-10-26 18:28:34'),
(31, 54, 'Angel', 105.00, 0.00, 105.00, NULL, NULL, '2025-10-26 18:28:34'),
(32, 55, 'Angel', 105.00, 0.00, 105.00, NULL, NULL, '2025-10-26 18:28:34'),
(33, 56, 'Angel', 105.00, 0.00, 105.00, NULL, NULL, '2025-10-26 18:28:34'),
(34, 57, 'Angel', 105.00, 0.00, 105.00, NULL, NULL, '2025-10-26 18:28:34'),
(35, 58, 'Angel', 105.00, 0.00, 105.00, NULL, NULL, '2025-10-26 18:28:34'),
(36, 59, 'Angel', 105.00, 0.00, 105.00, NULL, NULL, '2025-10-26 18:28:35'),
(37, 60, 'Angel', 105.00, 0.00, 105.00, NULL, NULL, '2025-10-26 18:28:35'),
(38, 61, 'Angel', 105.00, 0.00, 105.00, NULL, NULL, '2025-10-26 18:28:35'),
(39, 62, 'Angel', 105.00, 0.00, 105.00, NULL, NULL, '2025-10-26 18:28:35'),
(40, 63, 'Angel', 105.00, 0.00, 105.00, NULL, NULL, '2025-10-26 18:28:35'),
(41, 64, 'Angel', 105.00, 0.00, 105.00, NULL, NULL, '2025-10-26 18:28:35'),
(42, 65, 'Angel', 105.00, 0.00, 105.00, NULL, NULL, '2025-10-26 18:28:35'),
(43, 66, 'Angel', 105.00, 0.00, 105.00, NULL, NULL, '2025-10-26 18:28:35'),
(44, 67, 'Angel', 105.00, 0.00, 105.00, NULL, NULL, '2025-10-26 18:28:35'),
(45, 68, 'Angel', 105.00, 0.00, 105.00, NULL, NULL, '2025-10-26 18:28:35'),
(46, 69, 'Angel', 105.00, 0.00, 105.00, NULL, NULL, '2025-10-26 18:28:35'),
(47, 70, 'Angel', 105.00, 0.00, 105.00, NULL, NULL, '2025-10-26 18:28:35'),
(48, 71, 'Angel', 105.00, 0.00, 105.00, NULL, NULL, '2025-10-26 18:28:35'),
(49, 72, 'Angel', 105.00, 0.00, 105.00, NULL, NULL, '2025-10-26 18:28:35'),
(50, 73, 'Angel', 105.00, 0.00, 105.00, NULL, NULL, '2025-10-26 18:28:35'),
(51, 74, 'Angel', 105.00, 0.00, 105.00, NULL, NULL, '2025-10-26 18:28:35'),
(52, 75, 'Angel', 105.00, 0.00, 105.00, NULL, NULL, '2025-10-26 18:28:35'),
(53, 76, 'Angel', 105.00, 0.00, 105.00, NULL, NULL, '2025-10-26 18:28:35'),
(54, 77, 'Angel', 105.00, 0.00, 105.00, NULL, NULL, '2025-10-26 18:28:35'),
(55, 78, 'Angel', 105.00, 0.00, 105.00, NULL, NULL, '2025-10-26 18:28:35'),
(56, 79, 'Boot', 210.00, 0.00, 210.00, NULL, NULL, '2025-10-26 18:28:35'),
(57, 80, 'Angel', 105.00, 0.00, 105.00, NULL, NULL, '2025-10-26 18:28:35'),
(58, 81, 'Angel', 105.00, 0.00, 105.00, NULL, NULL, '2025-10-26 18:28:35'),
(59, 82, 'Angel', 105.00, 0.00, 105.00, NULL, NULL, '2025-10-26 18:28:35'),
(60, 83, 'Angel', 105.00, 0.00, 105.00, NULL, NULL, '2025-10-26 18:28:35'),
(61, 84, 'Angel', 105.00, 0.00, 105.00, NULL, NULL, '2025-10-26 18:28:35'),
(62, 85, 'Angel', 105.00, 0.00, 105.00, NULL, NULL, '2025-10-26 18:28:35'),
(63, 86, 'Angel', 105.00, 0.00, 105.00, NULL, NULL, '2025-10-26 18:28:35'),
(64, 87, 'Angel', 105.00, 0.00, 105.00, NULL, NULL, '2025-10-26 18:28:35'),
(65, 88, 'Angel', 105.00, 0.00, 105.00, NULL, NULL, '2025-10-26 18:28:35'),
(66, 89, 'Angel', 105.00, 0.00, 105.00, NULL, NULL, '2025-10-26 18:28:35'),
(67, 90, 'Angel', 105.00, 0.00, 105.00, NULL, NULL, '2025-10-26 18:28:35'),
(68, 91, 'Angel', 105.00, 0.00, 105.00, NULL, NULL, '2025-10-26 18:28:35'),
(69, 92, 'Angel', 105.00, 0.00, 105.00, NULL, NULL, '2025-10-26 18:28:35'),
(70, 93, 'Angel', 105.00, 0.00, 105.00, NULL, NULL, '2025-10-26 18:28:35'),
(71, 94, 'Angel', 105.00, 0.00, 105.00, NULL, NULL, '2025-10-26 18:28:35'),
(72, 95, 'Angel', 105.00, 0.00, 105.00, NULL, NULL, '2025-10-26 18:28:35'),
(73, 96, 'Angel', 105.00, 0.00, 105.00, NULL, NULL, '2025-10-26 18:28:35'),
(74, 97, 'Angel', 105.00, 0.00, 105.00, NULL, NULL, '2025-10-26 18:28:35'),
(75, 98, 'Angel', 105.00, 0.00, 105.00, NULL, NULL, '2025-10-26 18:28:35'),
(76, 99, 'Angel', 105.00, 0.00, 105.00, NULL, NULL, '2025-10-26 18:28:35'),
(77, 100, 'Angel', 105.00, 0.00, 105.00, NULL, NULL, '2025-10-26 18:28:35'),
(78, 101, 'Angel', 105.00, 0.00, 105.00, NULL, NULL, '2025-10-26 18:28:35'),
(79, 102, 'Angel', 105.00, 0.00, 105.00, NULL, NULL, '2025-10-26 18:28:35'),
(80, 103, 'Angel', 105.00, 0.00, 105.00, NULL, NULL, '2025-10-26 18:28:35'),
(81, 104, 'Angel', 105.00, 0.00, 105.00, NULL, NULL, '2025-10-26 18:28:35'),
(82, 105, 'Angel', 105.00, 0.00, 105.00, NULL, NULL, '2025-10-26 18:28:35'),
(83, 106, 'Angel', 105.00, 0.00, 105.00, NULL, NULL, '2025-10-26 18:28:35'),
(84, 107, 'Angel', 105.00, 0.00, 105.00, NULL, NULL, '2025-10-26 18:28:35'),
(85, 108, 'Angel', 105.00, 0.00, 105.00, NULL, NULL, '2025-10-26 18:28:35'),
(86, 109, 'Angel', 105.00, 0.00, 105.00, NULL, NULL, '2025-10-26 18:28:35'),
(87, 110, 'Angel', 105.00, 0.00, 105.00, NULL, NULL, '2025-10-26 18:28:35'),
(88, 111, 'Angel', 105.00, 0.00, 105.00, NULL, NULL, '2025-10-26 18:28:35'),
(89, 112, 'Angel', 105.00, 0.00, 105.00, NULL, NULL, '2025-10-26 18:28:35'),
(90, 113, 'Angel', 105.00, 0.00, 105.00, NULL, NULL, '2025-10-26 18:28:35'),
(91, 114, 'Angel', 105.00, 0.00, 105.00, NULL, NULL, '2025-10-26 18:28:35'),
(92, 115, 'Angel', 105.00, 0.00, 105.00, NULL, NULL, '2025-10-26 18:28:35'),
(93, 116, 'Angel', 105.00, 0.00, 105.00, NULL, NULL, '2025-10-26 18:28:35'),
(94, 117, 'Angel', 105.00, 0.00, 105.00, NULL, NULL, '2025-10-26 18:28:35'),
(95, 118, 'Angel', 105.00, 0.00, 105.00, NULL, NULL, '2025-10-26 18:28:35'),
(96, 119, 'Angel', 105.00, 0.00, 105.00, NULL, NULL, '2025-10-26 18:28:35'),
(97, 120, 'Angel', 105.00, 0.00, 105.00, NULL, NULL, '2025-10-26 18:28:35'),
(98, 121, 'Angel', 105.00, 0.00, 105.00, NULL, NULL, '2025-10-26 18:28:35'),
(99, 122, 'Angel', 105.00, 0.00, 105.00, NULL, NULL, '2025-10-26 18:28:35'),
(100, 123, 'Angel', 105.00, 0.00, 105.00, NULL, NULL, '2025-10-26 18:28:35'),
(101, 124, 'Angel', 105.00, 0.00, 105.00, NULL, NULL, '2025-10-26 18:28:35'),
(102, 125, 'Angel', 105.00, 0.00, 105.00, NULL, NULL, '2025-10-26 18:28:35'),
(103, 126, 'Angel', 105.00, 0.00, 105.00, NULL, NULL, '2025-10-26 18:28:35'),
(104, 127, 'Angel', 105.00, 0.00, 105.00, NULL, NULL, '2025-10-26 18:28:35'),
(105, 128, 'Angel', 105.00, 0.00, 105.00, NULL, NULL, '2025-10-26 18:28:35'),
(106, 129, 'Angel', 105.00, 0.00, 105.00, NULL, NULL, '2025-10-26 18:28:35'),
(107, 130, 'Angel', 105.00, 0.00, 105.00, NULL, NULL, '2025-10-26 18:28:35'),
(108, 131, 'Angel', 105.00, 0.00, 105.00, NULL, NULL, '2025-10-26 18:28:35'),
(109, 132, 'Angel', 105.00, 0.00, 105.00, NULL, NULL, '2025-10-26 18:28:35'),
(110, 133, 'Angel', 105.00, 0.00, 105.00, NULL, NULL, '2025-10-26 18:28:35'),
(111, 134, 'Angel', 105.00, 0.00, 105.00, NULL, NULL, '2025-10-26 18:28:35'),
(112, 135, 'Angel', 105.00, 0.00, 105.00, NULL, NULL, '2025-10-26 18:28:35'),
(113, 136, 'Angel', 105.00, 0.00, 105.00, NULL, NULL, '2025-10-26 18:28:35'),
(114, 137, 'Angel', 105.00, 0.00, 105.00, NULL, NULL, '2025-10-26 18:28:35'),
(115, 138, 'Angel', 105.00, 0.00, 105.00, NULL, NULL, '2025-10-26 18:28:35'),
(116, 139, 'Angel', 105.00, 0.00, 105.00, NULL, NULL, '2025-10-26 18:28:35'),
(117, 140, 'Angel', 105.00, 0.00, 105.00, NULL, NULL, '2025-10-26 18:28:35'),
(118, 141, 'Angel', 105.00, 0.00, 105.00, NULL, NULL, '2025-10-26 18:28:35'),
(119, 142, 'Angel', 105.00, 0.00, 105.00, NULL, NULL, '2025-10-26 18:28:35'),
(120, 143, 'Angel', 105.00, 0.00, 105.00, NULL, NULL, '2025-10-26 18:28:35'),
(121, 144, 'Angel', 105.00, 0.00, 105.00, NULL, NULL, '2025-10-26 18:28:35'),
(122, 145, 'Angel', 105.00, 0.00, 105.00, NULL, NULL, '2025-10-26 18:28:35'),
(123, 146, 'Angel', 105.00, 0.00, 105.00, NULL, NULL, '2025-10-26 18:28:35'),
(124, 147, 'Angel', 105.00, 0.00, 105.00, NULL, NULL, '2025-10-26 18:28:35'),
(125, 148, 'Angel', 105.00, 0.00, 105.00, NULL, NULL, '2025-10-26 18:28:35'),
(126, 149, 'Angel', 105.00, 0.00, 105.00, NULL, NULL, '2025-10-26 18:28:35'),
(127, 150, 'Angel', 105.00, 0.00, 105.00, NULL, NULL, '2025-10-26 18:28:35'),
(128, 151, 'Angel', 105.00, 0.00, 105.00, NULL, NULL, '2025-10-26 18:28:35'),
(129, 152, 'Angel', 105.00, 0.00, 105.00, NULL, NULL, '2025-10-26 18:28:35'),
(130, 153, 'Angel', 105.00, 0.00, 105.00, NULL, NULL, '2025-10-26 18:28:35'),
(131, 154, 'Angel', 105.00, 0.00, 105.00, NULL, NULL, '2025-10-26 18:28:35'),
(132, 155, 'Angel', 105.00, 0.00, 105.00, NULL, NULL, '2025-10-26 18:28:35'),
(133, 156, 'Angel', 105.00, 0.00, 105.00, NULL, NULL, '2025-10-26 18:28:35'),
(134, 157, 'Angel', 105.00, 0.00, 105.00, NULL, NULL, '2025-10-26 18:28:35'),
(135, 158, 'Angel', 105.00, 0.00, 105.00, NULL, NULL, '2025-10-26 18:28:35'),
(136, 159, 'Angel', 105.00, 0.00, 105.00, NULL, NULL, '2025-10-26 18:28:35'),
(137, 160, 'Angel', 105.00, 0.00, 105.00, NULL, NULL, '2025-10-26 18:28:35'),
(138, 161, 'Angel', 105.00, 0.00, 105.00, NULL, NULL, '2025-10-26 18:28:35'),
(139, 162, 'Angel', 105.00, 0.00, 105.00, NULL, NULL, '2025-10-26 18:28:35'),
(140, 163, 'Angel', 105.00, 0.00, 105.00, NULL, NULL, '2025-10-26 18:28:35'),
(141, 164, 'Boot', 210.00, 0.00, 210.00, NULL, NULL, '2025-10-26 18:33:05'),
(142, 165, 'Boot', 210.00, 0.00, 210.00, NULL, NULL, '2025-10-26 18:33:05'),
(143, 166, 'Boot', 210.00, 0.00, 210.00, NULL, NULL, '2025-10-26 18:33:05'),
(144, 167, 'Boot', 210.00, 0.00, 210.00, NULL, NULL, '2025-10-26 18:33:05'),
(145, 168, 'Boot', 210.00, 0.00, 210.00, NULL, NULL, '2025-10-26 18:33:05'),
(146, 169, 'Boot', 210.00, 0.00, 210.00, NULL, NULL, '2025-10-26 18:33:05'),
(147, 170, 'Boot', 210.00, 0.00, 210.00, NULL, NULL, '2025-10-26 18:33:05'),
(148, 171, 'Boot', 210.00, 0.00, 210.00, NULL, NULL, '2025-10-26 18:33:05'),
(149, 172, 'Boot', 210.00, 0.00, 210.00, NULL, NULL, '2025-10-26 18:33:05'),
(150, 173, 'Boot', 210.00, 0.00, 210.00, NULL, NULL, '2025-10-26 18:33:05'),
(156, 175, 'Jugend', 50.00, 0.00, 50.00, NULL, NULL, '2025-10-26 18:58:27'),
(157, 176, 'Jugend', 50.00, 0.00, 50.00, NULL, NULL, '2025-10-26 18:58:27'),
(158, 177, 'Jugend', 50.00, 0.00, 50.00, NULL, NULL, '2025-10-26 18:58:27'),
(159, 178, 'Jugend', 50.00, 0.00, 50.00, NULL, NULL, '2025-10-26 18:58:27'),
(160, 179, 'Jugend', 50.00, 0.00, 50.00, NULL, NULL, '2025-10-26 18:58:27'),
(161, 180, 'Jugend', 50.00, 0.00, 50.00, NULL, NULL, '2025-10-26 18:58:27'),
(162, 181, 'Intern', 0.00, 0.00, 0.00, NULL, NULL, '2025-10-26 19:25:59'),
(163, 182, 'Intern', 0.00, 0.00, 0.00, NULL, NULL, '2025-10-26 19:25:59'),
(164, 183, 'Intern', 0.00, 0.00, 0.00, NULL, NULL, '2025-10-26 19:25:59'),
(165, 184, 'Intern', 0.00, 0.00, 0.00, NULL, NULL, '2025-10-26 19:25:59'),
(166, 185, 'Intern', 0.00, 0.00, 0.00, NULL, NULL, '2025-10-26 19:25:59'),
(167, 186, 'Intern', 0.00, 0.00, 0.00, NULL, NULL, '2025-10-26 19:25:59'),
(168, 187, 'Intern', 0.00, 0.00, 0.00, NULL, NULL, '2025-10-26 19:25:59'),
(169, 188, 'Intern', 0.00, 0.00, 0.00, NULL, NULL, '2025-10-26 19:25:59'),
(170, 189, 'Angel', 105.00, 0.00, 105.00, NULL, NULL, '2025-11-20 07:43:56'),
(171, 190, 'Angel', 105.00, 0.00, 105.00, NULL, NULL, '2025-11-20 07:45:33'),
(172, 191, 'Daubel', 130.00, 0.00, 130.00, NULL, NULL, '2025-11-20 07:48:48'),
(173, 192, 'Daubel', 130.00, 0.00, 130.00, NULL, NULL, '2025-11-20 07:50:11'),
(174, 193, 'Angel', 105.00, 0.00, 105.00, NULL, NULL, '2025-11-20 08:21:07'),
(175, 194, 'Angel', 105.00, 0.00, 105.00, NULL, NULL, '2025-11-20 08:24:02');

-- --------------------------------------------------------

--
-- Tabellenstruktur für Tabelle `lizenzen_2026`
--

CREATE TABLE `lizenzen_2026` (
  `id` int(11) NOT NULL,
  `lizenznehmer_id` int(11) NOT NULL,
  `lizenztyp` enum('Angel','Daubel','Boot','Intern','Kinder','Jugend') NOT NULL,
  `kosten` decimal(10,2) NOT NULL,
  `trinkgeld` decimal(10,2) DEFAULT 0.00,
  `gesamt` decimal(10,2) NOT NULL,
  `zahlungsdatum` date DEFAULT NULL,
  `notizen` text DEFAULT NULL,
  `erstellt_am` timestamp NOT NULL DEFAULT current_timestamp()
) ENGINE=InnoDB DEFAULT CHARSET=utf8mb4 COLLATE=utf8mb4_unicode_ci;

--
-- Daten für Tabelle `lizenzen_2026`
--

INSERT INTO `lizenzen_2026` (`id`, `lizenznehmer_id`, `lizenztyp`, `kosten`, `trinkgeld`, `gesamt`, `zahlungsdatum`, `notizen`, `erstellt_am`) VALUES
(1, 183, 'Intern', 0.00, 0.00, 0.00, '2026-03-28', '1', '2026-03-28 06:39:59'),
(2, 105, 'Angel', 105.00, 5.00, 110.00, '2026-03-28', '2', '2026-03-28 06:48:48'),
(3, 182, 'Intern', 0.00, 0.00, 0.00, '2026-03-28', '3', '2026-03-28 06:52:40'),
(4, 181, 'Intern', 0.00, 0.00, 0.00, '2026-03-28', '4', '2026-03-28 06:56:28'),
(5, 49, 'Angel', 105.00, 0.00, 105.00, '2026-03-28', '5', '2026-03-28 07:03:08'),
(6, 48, 'Angel', 105.00, 0.00, 105.00, '2026-03-28', '6', '2026-03-28 07:06:02'),
(7, 45, 'Angel', 105.00, 0.00, 105.00, '2026-03-28', '7', '2026-03-28 07:08:44'),
(8, 140, 'Angel', 105.00, 0.00, 105.00, '2026-03-28', '8', '2026-03-28 07:10:22'),
(9, 180, 'Jugend', 50.00, 0.00, 50.00, '2026-03-28', '9', '2026-03-28 07:11:41'),
(10, 47, 'Angel', 105.00, 0.00, 105.00, '2026-03-28', '10', '2026-03-28 07:17:14'),
(11, 46, 'Angel', 105.00, 0.00, 105.00, '2026-03-28', '11', '2026-03-28 07:19:36'),
(12, 44, 'Angel', 105.00, 5.00, 110.00, '2026-03-28', '12', '2026-03-28 07:23:02'),
(13, 70, 'Angel', 105.00, 5.00, 110.00, '2026-03-28', '13', '2026-03-28 07:26:36'),
(14, 54, 'Angel', 105.00, 0.00, 105.00, '2026-03-28', '14', '2026-03-28 07:31:03'),
(15, 115, 'Angel', 105.00, 5.00, 110.00, '2026-03-28', '15', '2026-03-28 07:32:50'),
(16, 106, 'Angel', 105.00, 0.00, 105.00, '2026-03-28', '16', '2026-03-28 07:35:25'),
(17, 165, 'Boot', 210.00, 0.00, 210.00, '2026-03-28', '17', '2026-03-28 07:39:29'),
(18, 67, 'Angel', 105.00, 0.00, 105.00, '2026-03-28', '19', '2026-03-28 07:45:44'),
(19, 65, 'Angel', 105.00, 0.00, 105.00, '2026-03-28', '18', '2026-03-28 07:47:19'),
(20, 94, 'Angel', 105.00, 5.00, 110.00, '2026-03-28', '20', '2026-03-28 07:48:08'),
(21, 157, 'Angel', 105.00, 5.00, 110.00, '2026-03-28', '21', '2026-03-28 07:50:02'),
(22, 153, 'Angel', 105.00, 5.00, 110.00, '2026-03-28', '22', '2026-03-28 07:51:51'),
(23, 154, 'Angel', 105.00, 5.00, 110.00, '2026-03-28', '23', '2026-03-28 07:54:30'),
(24, 66, 'Angel', 105.00, 0.00, 105.00, '2026-03-28', '24', '2026-03-28 07:57:18'),
(25, 68, 'Angel', 105.00, 0.00, 105.00, '2026-03-28', '25', '2026-03-28 07:59:54'),
(26, 78, 'Angel', 105.00, 5.00, 110.00, '2026-03-28', '26', '2026-03-28 08:03:29'),
(27, 176, 'Jugend', 50.00, 0.00, 50.00, '2026-03-28', '27', '2026-03-28 08:05:28'),
(28, 190, 'Angel', 105.00, 10.00, 115.00, '2026-03-28', '28', '2026-03-28 08:08:31'),
(29, 37, 'Kinder', 10.00, 0.00, 10.00, '2026-03-28', '001', '2026-03-28 08:15:05'),
(30, 177, 'Jugend', 50.00, 0.00, 50.00, '2026-03-28', '29', '2026-03-28 08:17:35'),
(31, 71, 'Angel', 105.00, 5.00, 110.00, '2026-03-28', '30', '2026-03-28 08:22:11'),
(32, 69, 'Angel', 105.00, 0.00, 105.00, '2026-03-28', '31', '2026-03-28 08:24:35'),
(33, 53, 'Angel', 105.00, 5.00, 110.00, '2026-03-28', '32', '2026-03-28 08:27:43'),
(34, 167, 'Boot', 210.00, 0.00, 210.00, '2026-03-28', '33', '2026-03-28 08:31:04'),
(36, 90, 'Angel', 105.00, 0.00, 105.00, '2026-03-28', '34', '2026-03-28 08:35:08'),
(37, 89, 'Angel', 105.00, 0.00, 105.00, '2026-03-28', '35', '2026-03-28 08:36:45'),
(38, 155, 'Angel', 105.00, 0.00, 105.00, '2026-03-28', '36', '2026-03-28 08:38:33'),
(39, 129, 'Angel', 105.00, 0.00, 105.00, '2026-03-28', '37', '2026-03-28 08:41:16'),
(40, 81, 'Angel', 105.00, 0.00, 105.00, '2026-03-28', '38', '2026-03-28 08:43:38'),
(41, 130, 'Angel', 105.00, 0.00, 105.00, '2026-03-28', '39', '2026-03-28 08:45:30'),
(42, 43, 'Kinder', 10.00, 0.00, 10.00, '2026-03-28', '002', '2026-03-28 08:48:03'),
(43, 42, 'Kinder', 10.00, 0.00, 10.00, '2026-03-28', '003', '2026-03-28 08:48:20'),
(44, 144, 'Angel', 105.00, 10.00, 115.00, '2026-03-28', '40', '2026-03-28 08:48:34'),
(45, 148, 'Angel', 105.00, 5.00, 110.00, '2026-03-28', '41', '2026-03-28 08:53:02'),
(46, 95, 'Angel', 105.00, 5.00, 110.00, '2026-03-28', '42', '2026-03-28 08:55:17'),
(47, 147, 'Angel', 105.00, 5.00, 110.00, '2026-03-28', '43', '2026-03-28 08:58:25'),
(48, 124, 'Angel', 105.00, 15.00, 120.00, '2026-03-28', '44', '2026-03-28 09:01:19'),
(49, 72, 'Angel', 105.00, 0.00, 105.00, '2026-03-28', '45', '2026-03-28 09:07:36'),
(50, 35, 'Kinder', 10.00, 0.00, 10.00, '2026-03-28', '004', '2026-03-28 09:09:10'),
(51, 73, 'Angel', 105.00, 5.00, 110.00, '2026-03-28', '46', '2026-03-28 09:13:34'),
(52, 36, 'Kinder', 10.00, 0.00, 10.00, '2026-03-28', '005', '2026-03-28 09:14:32'),
(53, 57, 'Angel', 105.00, 5.00, 110.00, '2026-03-28', '47', '2026-03-28 09:18:05'),
(54, 119, 'Angel', 105.00, 5.00, 110.00, '2026-03-28', '48', '2026-03-28 09:20:20'),
(55, 195, 'Kinder', 10.00, 0.00, 10.00, '2026-03-28', '006', '2026-03-28 09:24:53'),
(56, 58, 'Angel', 105.00, 5.00, 110.00, '2026-03-28', '49', '2026-03-28 09:27:04'),
(57, 85, 'Angel', 105.00, 0.00, 105.00, '2026-03-28', '50\n\nElba Überweisung', '2026-03-28 09:29:58'),
(58, 84, 'Angel', 105.00, 0.00, 105.00, '2026-03-28', '51', '2026-03-28 09:31:38'),
(59, 196, 'Angel', 105.00, 0.00, 105.00, '2026-03-28', '52', '2026-03-28 09:37:48'),
(60, 92, 'Angel', 105.00, 15.00, 120.00, '2026-03-28', '53', '2026-03-28 09:39:48'),
(61, 88, 'Angel', 105.00, 0.00, 105.00, '2026-03-28', '54', '2026-03-28 09:42:03'),
(62, 170, 'Boot', 210.00, 30.00, 240.00, '2026-03-28', '55', '2026-03-28 09:44:12'),
(63, 100, 'Angel', 105.00, 0.00, 105.00, '2026-03-28', '56', '2026-03-28 09:47:45'),
(64, 184, 'Intern', 0.00, 0.00, 0.00, '2026-03-28', '57', '2026-03-28 09:52:31'),
(65, 99, 'Angel', 105.00, 15.00, 120.00, '2026-03-28', '58', '2026-03-28 10:04:41'),
(66, 169, 'Boot', 210.00, 10.00, 220.00, '2026-03-28', '59', '2026-03-28 10:07:17'),
(67, 108, 'Angel', 105.00, 0.00, 105.00, '2026-03-28', '60', '2026-03-28 10:09:02'),
(68, 87, 'Angel', 105.00, 15.00, 120.00, '2026-03-28', '61', '2026-03-28 10:11:46'),
(69, 103, 'Angel', 105.00, 5.00, 110.00, '2026-03-28', '62', '2026-03-28 10:15:13'),
(70, 164, 'Boot', 210.00, 10.00, 220.00, '2026-03-28', '63', '2026-03-28 10:19:17'),
(71, 104, 'Angel', 105.00, 0.00, 105.00, '2026-03-28', '64', '2026-03-28 10:21:27'),
(72, 101, 'Angel', 105.00, 5.00, 110.00, '2026-03-28', '65', '2026-03-28 10:25:33'),
(73, 102, 'Angel', 105.00, 5.00, 110.00, '2026-03-28', '66', '2026-03-28 10:27:42'),
(74, 74, 'Angel', 105.00, 0.00, 105.00, '2026-03-28', '67', '2026-03-28 10:29:25'),
(75, 107, 'Angel', 105.00, 10.00, 115.00, '2026-03-28', '68', '2026-03-28 10:31:32'),
(76, 109, 'Angel', 105.00, 15.00, 120.00, '2026-03-28', '69', '2026-03-28 10:34:00'),
(77, 63, 'Angel', 105.00, 0.00, 105.00, '2026-03-28', '70', '2026-03-28 10:36:26'),
(78, 64, 'Angel', 105.00, 0.00, 105.00, '2026-03-28', '71', '2026-03-28 10:38:42'),
(79, 110, 'Angel', 105.00, 15.00, 120.00, '2026-03-28', '72', '2026-03-28 10:40:55'),
(80, 38, 'Kinder', 10.00, 0.00, 10.00, '2026-03-28', '007', '2026-03-28 10:41:31'),
(81, 191, 'Daubel', 130.00, 0.00, 130.00, '2026-03-28', '73', '2026-03-28 10:44:43'),
(82, 111, 'Angel', 105.00, 5.00, 110.00, '2026-03-28', '74', '2026-03-28 10:46:19'),
(83, 114, 'Angel', 105.00, 0.00, 105.00, '2026-03-28', '75', '2026-03-28 10:48:51'),
(84, 113, 'Angel', 105.00, 0.00, 105.00, '2026-03-28', '76', '2026-03-28 10:51:39'),
(85, 112, 'Angel', 105.00, 0.00, 105.00, '2026-03-28', '77', '2026-03-28 10:53:57'),
(86, 173, 'Boot', 210.00, 0.00, 210.00, '2026-03-28', '78', '2026-03-28 10:57:40'),
(87, 188, 'Intern', 0.00, 0.00, 0.00, '2026-03-28', '79', '2026-03-28 11:02:41'),
(88, 117, 'Angel', 105.00, 5.00, 110.00, '2026-03-29', '80', '2026-03-29 06:02:14'),
(89, 166, 'Boot', 210.00, 0.00, 210.00, '2026-03-29', '81', '2026-03-29 06:05:48'),
(90, 52, 'Angel', 105.00, 0.00, 105.00, '2026-03-29', '82', '2026-03-29 06:09:03'),
(91, 145, 'Angel', 105.00, 5.00, 110.00, '2026-03-29', '83', '2026-03-29 06:13:59'),
(92, 56, 'Angel', 105.00, 0.00, 105.00, '2026-03-29', '84', '2026-03-29 06:15:57'),
(93, 34, 'Kinder', 10.00, 0.00, 10.00, '2026-03-29', '008', '2026-03-29 06:18:51'),
(94, 116, 'Angel', 105.00, 0.00, 105.00, '2026-03-29', '85', '2026-03-29 06:22:00'),
(95, 171, 'Boot', 210.00, 0.00, 210.00, '2026-03-29', '86', '2026-03-29 06:25:07'),
(96, 172, 'Boot', 210.00, 0.00, 210.00, '2026-03-29', '87', '2026-03-29 06:26:38'),
(97, 187, 'Intern', 0.00, 0.00, 0.00, '2026-03-29', '88', '2026-03-29 06:28:33'),
(98, 186, 'Intern', 0.00, 0.00, 0.00, '2026-03-29', '89', '2026-03-29 06:30:14'),
(99, 60, 'Angel', 105.00, 0.00, 105.00, '2026-03-29', '90', '2026-03-29 06:32:18'),
(100, 59, 'Angel', 105.00, 0.00, 105.00, '2026-03-29', '91', '2026-03-29 06:35:50'),
(101, 185, 'Intern', 0.00, 0.00, 0.00, '2026-03-29', '92', '2026-03-29 06:38:00'),
(102, 40, 'Kinder', 10.00, 0.00, 10.00, '2026-03-29', '009', '2026-03-29 06:41:48'),
(103, 141, 'Angel', 105.00, 5.00, 110.00, '2026-03-29', '93', '2026-03-29 06:42:46'),
(104, 139, 'Angel', 105.00, 0.00, 105.00, '2026-03-29', '93', '2026-03-29 06:53:41'),
(105, 41, 'Kinder', 10.00, 0.00, 10.00, '2026-03-29', '010', '2026-03-29 06:55:08'),
(106, 75, 'Angel', 105.00, 0.00, 105.00, '2026-03-29', '95', '2026-03-29 07:02:20'),
(107, 50, 'Angel', 105.00, 0.00, 105.00, '2026-03-29', '96', '2026-03-29 07:05:51'),
(108, 128, 'Angel', 105.00, 0.00, 105.00, '2026-03-29', '97', '2026-03-29 07:07:44'),
(109, 150, 'Angel', 105.00, 0.00, 105.00, '2026-03-29', '98', '2026-03-29 07:10:14'),
(110, 79, 'Angel', 105.00, 5.00, 110.00, '2026-03-29', '99', '2026-03-29 07:15:12'),
(111, 51, 'Angel', 105.00, 0.00, 105.00, '2026-03-29', '100', '2026-03-29 07:18:34'),
(112, 80, 'Angel', 105.00, 0.00, 105.00, '2026-03-29', '101', '2026-03-29 07:22:31'),
(113, 158, 'Angel', 105.00, 0.00, 105.00, '2026-03-29', '102', '2026-03-29 07:27:59'),
(114, 151, 'Angel', 105.00, 5.00, 110.00, '2026-03-29', '103', '2026-03-29 07:34:49'),
(115, 125, 'Angel', 105.00, 5.00, 110.00, '2026-03-29', '104', '2026-03-29 07:37:19'),
(116, 123, 'Angel', 105.00, 0.00, 105.00, '2026-03-29', '105', '2026-03-29 07:46:49'),
(117, 77, 'Angel', 105.00, 5.00, 110.00, '2026-03-29', '106', '2026-03-29 07:49:13'),
(118, 168, 'Boot', 210.00, 10.00, 220.00, '2026-03-29', '107', '2026-03-29 07:50:45'),
(119, 62, 'Angel', 105.00, 0.00, 105.00, '2026-03-29', '108', '2026-03-29 07:52:56'),
(120, 93, 'Angel', 105.00, 5.00, 110.00, '2026-03-29', '109', '2026-03-29 07:55:18'),
(121, 178, 'Jugend', 50.00, 0.00, 50.00, '2026-03-29', '110', '2026-03-29 07:56:28'),
(122, 179, 'Jugend', 50.00, 0.00, 50.00, '2026-03-29', '111', '2026-03-29 07:57:41'),
(123, 76, 'Angel', 105.00, 0.00, 105.00, '2026-03-29', '112', '2026-03-29 08:00:45'),
(124, 175, 'Jugend', 50.00, 0.00, 50.00, '2026-03-29', '113', '2026-03-29 08:07:27'),
(125, 55, 'Angel', 105.00, 25.00, 130.00, '2026-03-29', '114', '2026-03-29 08:08:39'),
(126, 82, 'Angel', 105.00, 0.00, 105.00, '2026-03-29', '115', '2026-03-29 08:13:11'),
(127, 83, 'Angel', 105.00, 0.00, 105.00, '2026-03-29', '116', '2026-03-29 08:16:23'),
(128, 161, 'Angel', 105.00, 0.00, 105.00, '2026-03-29', '117', '2026-03-29 08:17:29'),
(129, 133, 'Angel', 105.00, 0.00, 105.00, '2026-03-29', '118', '2026-03-29 08:28:01'),
(130, 96, 'Angel', 105.00, 15.00, 120.00, '2026-03-29', '119', '2026-03-29 08:30:14'),
(131, 152, 'Angel', 105.00, 5.00, 110.00, '2026-03-29', '120', '2026-03-29 08:32:32'),
(132, 98, 'Angel', 105.00, 0.00, 105.00, '2026-03-29', '121', '2026-03-29 08:34:36'),
(133, 97, 'Angel', 105.00, 0.00, 105.00, '2026-03-29', '122', '2026-03-29 08:36:02'),
(134, 143, 'Angel', 105.00, 15.00, 120.00, '2026-03-29', '123', '2026-03-29 08:39:00'),
(135, 163, 'Angel', 105.00, 0.00, 105.00, '2026-03-29', '124', '2026-03-29 08:42:31'),
(136, 91, 'Angel', 105.00, 15.00, 120.00, '2026-03-29', '125', '2026-03-29 08:47:18'),
(137, 156, 'Angel', 105.00, 0.00, 105.00, '2026-03-29', '126', '2026-03-29 08:51:12'),
(138, 142, 'Angel', 105.00, 5.00, 110.00, '2026-03-29', '127', '2026-03-29 08:54:59'),
(139, 197, 'Angel', 105.00, 0.00, 105.00, '2026-03-29', '129', '2026-03-29 09:02:46'),
(140, 198, 'Angel', 105.00, 5.00, 110.00, '2026-03-29', '129', '2026-03-29 09:06:14'),
(141, 199, 'Angel', 105.00, 5.00, 110.00, '2026-03-29', '130', '2026-03-29 09:11:20'),
(142, 200, 'Angel', 105.00, 15.00, 120.00, '2026-03-29', '131', '2026-03-29 09:17:19'),
(143, 118, 'Angel', 105.00, 5.00, 110.00, '2026-03-29', '132', '2026-03-29 09:19:46'),
(144, 201, 'Angel', 105.00, 0.00, 105.00, '2026-03-29', '133', '2026-03-29 09:23:49'),
(145, 202, 'Angel', 105.00, 15.00, 120.00, '2026-03-29', '134', '2026-03-29 09:28:21'),
(146, 203, 'Angel', 105.00, 0.00, 105.00, '2026-03-29', '135', '2026-03-29 09:32:43'),
(147, 204, 'Angel', 105.00, 5.00, 110.00, '2026-03-29', '136', '2026-03-29 09:36:23'),
(148, 205, 'Angel', 105.00, 5.00, 110.00, '2026-03-29', '137', '2026-03-29 09:40:47'),
(149, 206, 'Angel', 105.00, 0.00, 105.00, '2026-03-29', '138', '2026-03-29 09:45:08'),
(150, 207, 'Angel', 105.00, 0.00, 105.00, '2026-03-29', '139', '2026-03-29 09:48:47'),
(151, 208, 'Angel', 105.00, 0.00, 105.00, '2026-03-29', NULL, '2026-03-29 09:49:43'),
(152, 209, 'Angel', 105.00, 0.00, 105.00, '2026-03-29', '141', '2026-03-29 10:04:40'),
(153, 210, 'Angel', 105.00, 0.00, 105.00, '2026-03-29', '142', '2026-03-29 10:07:31'),
(154, 211, 'Angel', 105.00, 0.00, 105.00, '2026-03-29', '144', '2026-03-29 10:12:50'),
(155, 212, 'Angel', 105.00, 0.00, 105.00, '2026-03-29', '143', '2026-03-29 10:12:56'),
(156, 213, 'Angel', 105.00, 0.00, 105.00, '2026-03-29', '145', '2026-03-29 10:21:31'),
(157, 214, 'Jugend', 50.00, 0.00, 50.00, '2026-03-29', '147', '2026-03-29 10:28:40'),
(158, 215, 'Angel', 105.00, 0.00, 105.00, '2026-03-29', '146', '2026-03-29 10:28:45'),
(159, 160, 'Angel', 105.00, 0.00, 105.00, '2026-04-03', '149', '2026-04-03 05:31:05');

-- --------------------------------------------------------

--
-- Tabellenstruktur für Tabelle `lizenznehmer`
--

CREATE TABLE `lizenznehmer` (
  `id` int(11) NOT NULL,
  `vorname` varchar(100) NOT NULL,
  `nachname` varchar(100) NOT NULL,
  `strasse` varchar(150) DEFAULT NULL,
  `plz` varchar(10) DEFAULT NULL,
  `ort` varchar(100) DEFAULT NULL,
  `telefon` varchar(50) DEFAULT NULL,
  `email` varchar(100) DEFAULT NULL,
  `fischerkartennummer` varchar(50) DEFAULT NULL,
  `erstellt_am` timestamp NULL DEFAULT current_timestamp(),
  `geburtsdatum` date DEFAULT NULL
) ENGINE=InnoDB DEFAULT CHARSET=utf8mb4 COLLATE=utf8mb4_unicode_ci;

--
-- Daten für Tabelle `lizenznehmer`
--

INSERT INTO `lizenznehmer` (`id`, `vorname`, `nachname`, `strasse`, `plz`, `ort`, `telefon`, `email`, `fischerkartennummer`, `erstellt_am`, `geburtsdatum`) VALUES
(34, 'Marsel', 'Bejic', 'Johanngutenbergasse 25', '2000', 'STOCKERAU', NULL, NULL, '002238/21', '2025-10-26 18:15:21', '2016-11-20'),
(35, 'Raphael', 'Marchhart', 'Donaustraße 7', '3423', 'WÖRDERN', NULL, NULL, '01800/23', '2025-10-26 18:15:21', '2012-11-16'),
(36, 'Filip', 'Kitanaovic', 'Holzgasse 4', '3424', 'ZEISELMAUER-WOLFPASSING', NULL, NULL, '00084/92', '2025-10-26 18:15:21', '2014-02-17'),
(37, 'Julian', 'Knezevic', 'Donauländenweg 8', '2000', 'STOCKERAU', NULL, NULL, '02576/18', '2025-10-26 18:15:21', '2014-11-17'),
(38, 'Monique Nadine', 'Baumgartner', 'Hauptstraße 23/15', '3400', 'MARIA GUGGING', NULL, NULL, '0275/90', '2025-10-26 18:15:21', '2017-12-01'),
(39, 'Noah', 'Langer', 'Dr. Karl Rennerallee 9-17/2/4', '3423', 'ST. ANDRÄ-WÖRDERN', NULL, NULL, '02036/19', '2025-10-26 18:15:21', '2012-01-26'),
(40, 'Alexander', 'Böhm', 'Nibelungenring 11', '3423', 'ST. ANDRÄ-WÖRDERN', NULL, 'michaela2313@gmx.at', '49031/02', '2025-10-26 18:15:21', NULL),
(41, 'Johannes', 'Edhofer', 'Hauptstrasse 43/2', '3341', 'BAUMGARTEN', NULL, 'wolfgang.edhofer@hotmail.com', '00003/24', '2025-10-26 18:15:21', '2016-04-04'),
(42, 'Lorenz', 'Willach', 'Kogelgasse 2', '3433', 'KÖNIGSTETTEN', NULL, 'peter.willach@gmx.at', '00153/25', '2025-10-26 18:15:21', '2019-12-14'),
(43, 'Hannah', 'Willach', 'Kogelgasse 2', '3433', 'KÖNIGSTETTEN', NULL, 'peter.willach@gmx.at', '00153/25', '2025-10-26 18:15:21', '2017-09-01'),
(44, 'Kurt', 'Winkelmeier', 'Dag Hammerskjöldgasse 21', '2000', 'STOCKERAU', NULL, NULL, '02022/11', '2025-10-26 18:28:34', NULL),
(45, 'Manuel', 'Mader', 'Kudriaffskygasse 3', '1220', 'WIEN', NULL, 'manuelvmc@hotmail.com', '23209/02', '2025-10-26 18:28:34', NULL),
(46, 'Sevko', 'Delic', 'Breitenseerstraße 51/2/1', '1140', 'WIEN', '067763207210', 'sevko.delic13@gmail.com', '02337/20', '2025-10-26 18:28:34', NULL),
(47, 'Nedim', 'Ramadanovic', 'Am Neubau 94', '2104', 'SPILLERN', '6 606 562 353', 'elvirr58@gmail.com', '02338/20', '2025-10-26 18:28:34', NULL),
(48, 'Edin', 'Ramadanovic', 'Am Neubau 94', '2104', 'SPILLERN', '6 606 562 353', 'elvirr58@gmail.com', '00473/23', '2025-10-26 18:28:34', NULL),
(49, 'Elvir', 'Ramadanovic', 'Am Neubau 94', '2104', 'SPILLERN', '6 606 562 353', 'elvirr58@gmail.com', '02139/18', '2025-10-26 18:28:34', NULL),
(50, 'Roman', 'Rosenecker', 'Helga Raith Str. 2B/3', '2560', 'BERNDORF', '0677 61747501', 'r.rosenecker@gmail.com', '01595/03', '2025-10-26 18:28:34', NULL),
(51, 'Elias', 'Passet', 'Cornidesstrasse 26/2/1', '2564', 'WEISSENBACH/TRIESTING', NULL, 'johann.passet@gmx.net', '02646/20', '2025-10-26 18:28:34', NULL),
(52, 'Stefan', 'Thallmaier', 'Südtirolergasse 9', '3423', 'ST. ANDRÄ-WÖRDERN', NULL, 's.thallmaier@aol.com', '01858/17', '2025-10-26 18:28:34', NULL),
(53, 'Walter', 'Jatschka', 'Uferweg 8', '2000', 'STOCKERAU', NULL, 'p.thallhammer@gmail.com', '02626/18', '2025-10-26 18:28:34', NULL),
(54, 'Hannes', 'Schättle', 'Hellwagstraße 14/2/6', '1200', 'WIEN', NULL, 'hannes.schaettle@gmx.at', '01065/10', '2025-10-26 18:28:34', NULL),
(55, 'Nikolaus', 'Schalk', 'Königstettnerstraße 21', '3423', 'ST. ANDRÄ-WÖRDERN', '0676 5465701', 'nikolaus.schalk@gmail.com', '02599/23', '2025-10-26 18:28:34', NULL),
(56, 'Ilen', 'Bejic', 'Johanngutenbergasse 25', '2000', 'STOCKERAU', NULL, NULL, '002238/21', '2025-10-26 18:28:34', NULL),
(57, 'Jürgen', 'Fuchs', 'Weinbergstraße 6/1', '2565', 'NEUHAUS', NULL, 'j.fuchs1@gmx.at', '00036/01', '2025-10-26 18:28:34', NULL),
(58, 'Ion', 'Varvaroi', 'Starlingerstrasse 9', '2565', 'NEUHAUS', NULL, 'ion.varvaroi@gmx.at', '01893/08', '2025-10-26 18:28:34', NULL),
(59, 'Kata', 'Felberbauer', 'Dammstraße 39/8', '1200', 'WIEN', NULL, NULL, '00039/01', '2025-10-26 18:28:34', NULL),
(60, 'Zlatko', 'Domonji', 'Hartlgasse 41/11', '1200', 'WIEN', '0676 9518535', NULL, '00447/94', '2025-10-26 18:28:34', NULL),
(61, 'Velibor', 'Lukic', 'Tokiostrasse 14/5/13', '1022', 'WIEN', NULL, NULL, '00291/10', '2025-10-26 18:28:34', NULL),
(62, 'Dragan', 'Vujic', 'Hartlgasse 40A/19', '1200', 'WIEN', '0650 3109018', 'dragan.vujic@chello.at', '00623/14', '2025-10-26 18:28:34', NULL),
(63, 'Dragan', 'Romelic', 'Löwenzahnweg 3/2', '2301', 'GROß-ENZERSDORF', NULL, 'sandra.romelic97@gmail.com', '00621/14', '2025-10-26 18:28:34', NULL),
(64, 'Dragan', 'Smitran', 'Hartlgasse 40A/6', '1200', 'WIEN', NULL, 'darkosmitran2@gmail.com', '02174/16', '2025-10-26 18:28:34', NULL),
(65, 'Alexander Mag.', 'Gutenthaler', 'Hauptstraße 171', '3421', 'KIERLING', NULL, 'alexander@gutenthaler.at', '01269/15', '2025-10-26 18:28:34', NULL),
(66, 'Josef', 'Gutenthaler', 'Hauptstraße 171', '3421', 'KIERLING', NULL, 'harald@gutenthaler.at', '01270/15', '2025-10-26 18:28:34', NULL),
(67, 'Johannes Mag.', 'Gutenthaler', 'Lenaugasse 19', '3412', 'KIERLING', NULL, 'johannes.gutenthaler@gmail.com', '02284/19', '2025-10-26 18:28:34', NULL),
(68, 'Andreas', 'Czek', 'Hauptstraße 26', '3423', 'ST. ANDRÄ-WÖRDERN', NULL, 'andreas.czek.04@gmail.com', '75104/02', '2025-10-26 18:28:34', NULL),
(69, 'Sefa', 'Ergin', 'Stockerauerstr. 40/1/10', '2104', 'SPILLERN', NULL, 'sefa_ergin@hotmail.com', '02701/21', '2025-10-26 18:28:34', NULL),
(70, 'Corneliu', 'Olariu', 'Goldwaldstraße 31', '2435', 'EBERGASSING', NULL, 'sebastian.olariu21@outlook.com', '00156/13', '2025-10-26 18:28:34', NULL),
(71, 'Raimund Bernhard Ing.', 'Eremiasch', 'Penzingerstraße 150-166/26/12', '1140', 'WIEN', NULL, 'raimund.eremiasch@tgm.ac.at', '00254/92', '2025-10-26 18:28:34', NULL),
(72, 'Erwin', 'Marchhat Ing', 'Donaustraße 7', '3423', 'ST. ANDRÄ-WÖRDERN', '0660 8112421', NULL, '01800/23', '2025-10-26 18:28:34', NULL),
(73, 'Slavoljub', 'Milivojevic', 'Wienerstraße 11', '3426', 'MUCKENDORF-WIPFING', NULL, 'vulic.mili@gmail.com', '00084/92', '2025-10-26 18:28:34', NULL),
(74, 'Nenad', 'Vulic', 'Tullnerstraße 57', '3426', 'MUCKENDORF-WIPFING', NULL, 'vulic.mili@gmail.com', '01322/17', '2025-10-26 18:28:34', NULL),
(75, 'Michael', 'Kreuzer', 'Wiener Straße 76/1/6', '3002', 'PURKERSDORF', '0650 8570443', 'michael-kreuzer@gmx.at', '00850/04', '2025-10-26 18:28:34', NULL),
(76, 'Bernhard', 'Binder', 'Rußbergstraße18/11', '1210', 'WIEN', '6769310028', 'bernhard-binder@gmx.at', '01288/23', '2025-10-26 18:28:34', NULL),
(77, 'Gerhard', 'Svoboda', 'Machholdastraße 24/4/108', '1100', 'WIEN', '66488557124', 'gerhard.svoboda70@gmx.at', '74152/02', '2025-10-26 18:28:34', NULL),
(78, 'Midhat', 'Subasic', 'Wienerstraße 4/1/6', '2000', 'Stockerau', NULL, 'midhat1987@hotmail.com', '00112/05', '2025-10-26 18:28:34', NULL),
(79, 'Johann', 'Passet', 'Cornidesstrasse 26/2/1', '2564', 'Weissenbach an der Triesting', NULL, 'johann.passet@gmx.net', '00170/01', '2025-10-26 18:28:34', NULL),
(80, 'Martin', 'Klöbl', 'Hilbertpromenade 9c/12', '3400', 'KLOSTERNEUBURG', NULL, 'martin.kloebl@aon.at', '01370/10', '2025-10-26 18:28:34', NULL),
(81, 'Wolfgang', 'Hora', 'Eduard-Klingerstrasse 10/1/4', '3423', 'ST. ANDRÄ-WÖRDERN', NULL, 'karl.ukrawetz@gmail.com', '00286/19', '2025-10-26 18:28:34', NULL),
(82, 'Martin', 'Kellner', 'Marsstraße 10/1', '4400', 'Steyr', NULL, 'kellner.martin@gmx.net', '00766/19', '2025-10-26 18:28:34', NULL),
(83, 'Ludwig', 'Kellner', 'Leystrasse 23/1/1/6', '1200', 'WIEN', NULL, NULL, '00767/19', '2025-10-26 18:28:34', NULL),
(84, 'Stefan', 'Ecklhart', 'Schererstrasse 22/5/2', '1210', 'WIEN', NULL, NULL, '21450/02', '2025-10-26 18:28:34', NULL),
(85, 'Adam', 'Dobos', 'Brückenstr. 21/3/12', '2100', 'KORNEUBURG', '0650/4404985', NULL, '02462/16', '2025-10-26 18:28:34', NULL),
(86, 'Adam', 'Dobos', 'Brückenstr. 21/3/12', '2100', 'KORNEUBURG', '0650/4404985', NULL, '02462/15', '2025-10-26 18:28:34', NULL),
(87, 'Walter', 'Hoffmann', 'Steindlgasse 19', '3423', 'ST. ANDRÄ-WÖRDERN', NULL, 'walter@hoffmann-partner.at', '00019/89', '2025-10-26 18:28:34', NULL),
(88, 'Andrea', 'Holub', 'Traminergasse 6', '3434', 'TULBING', '0676/7613133', 'andrea.holub@hotmail.com', '49830/02', '2025-10-26 18:28:34', NULL),
(89, 'Mladen', 'Lukic', 'Neugebäudestraße 18-22/9/5', '1110', 'WIEN', NULL, NULL, '00622/14', '2025-10-26 18:28:34', NULL),
(90, 'Marko', 'Lukic', 'Neugebäudestraße 18-22/9/5', '1100', 'WIEN', NULL, NULL, '00350/18', '2025-10-26 18:28:34', NULL),
(91, 'Michael', 'Ebner', 'Hochwassergasse 60/8/1', '1230', 'WIEN', NULL, 'mikewinnimax@gmail.com', '38899/02', '2025-10-26 18:28:34', NULL),
(92, 'Christian', 'Baumgartner', 'Ziegelofengasse 32/4', '3400', 'KLOSTERNEUBURG', '6 649 274 105', NULL, '0275/90', '2025-10-26 18:28:34', NULL),
(93, 'Karl', 'Brunner', 'Anton-Bruckner-Gasse 3', '3423', 'ST. ANDRÄ-WÖRDERN', NULL, NULL, '00008/91', '2025-10-26 18:28:34', NULL),
(94, 'Wolfgang', 'Kargl', 'Kollersteig 109a', '3400', 'KLOSTERNEUBURG', NULL, 'bianca.sch.0909@gmail.com', '00012/91', '2025-10-26 18:28:34', NULL),
(95, 'Hanns', 'Ubl', 'Gloriette 22', '3423', 'ST. ANDRÄ-WÖRDERN', NULL, 'hanns.ubl@gmx.at', '00054/91', '2025-10-26 18:28:34', NULL),
(96, 'Gerald', 'Gartler', 'Zwingendorf 324', '2063', 'ZWINGENDORF', NULL, 'sigrun.gallhuber-gartler@gmx.at', 'L-81/1989', '2025-10-26 18:28:34', NULL),
(97, 'Roman', 'Warlitsch', 'Kadolz-Siedlung 342', '2062', 'SEEFELD-GROßKADHOLZ', NULL, 'warlitschroman@gmail.com', '01317/07', '2025-10-26 18:28:34', NULL),
(98, 'Daniel', 'Trautenberger', 'Großkadolz 326', '2062', 'SEEFELD-GROßKADHOLZ', '6766452111', 'trauti16@gmail.com', '01197/16', '2025-10-26 18:28:34', NULL),
(99, 'Pierre Francois Dipl.-Ing.', 'Avedikian', 'Hoernesgasse 16/16', '1030', 'WIEN', NULL, 'pierre.avedikian@chello.at', '00045/10', '2025-10-26 18:28:34', NULL),
(100, 'Stefan Dipl.-Ing.', 'Winna', 'Fürstenberggasse 10', '3002', 'PURKERSDORF', NULL, 'watercraft@gmx.at', '70510/02', '2025-10-26 18:28:34', NULL),
(101, 'Ronald', 'Mayer', 'Ruprechtshoferweg 22', '3422', 'ALTENBERG', NULL, NULL, '00003/96', '2025-10-26 18:28:34', NULL),
(102, 'Jani', 'Keränen', 'Nordbahnstraße 16/25', '1020', 'WIEN', '69911869110', 'jani.keranen@gmail.com', '02564/14', '2025-10-26 18:28:34', NULL),
(103, 'Robert', 'Lunacek', 'Kamarschgasse 68/5/20', '1100', 'WIEN', NULL, NULL, '00187/90', '2025-10-26 18:28:34', NULL),
(104, 'Johann', 'Kahrer', 'Siegfriedgasse 25', '3424', 'ZEISELMAUER', '6645386362', NULL, '15529/02', '2025-10-26 18:28:34', NULL),
(105, 'Theodor', 'Maier', 'Auhofstrasse 32', '3423', 'ST. ANDRÄ-WÖRDERN', NULL, NULL, '00323/91', '2025-10-26 18:28:34', NULL),
(106, 'Markus', 'Wohlmuth', 'Mitterstocksall 2', '3470', 'KIRCHBERG', '0650/4250067', 'wohlmuth@gmx.at', '281/89', '2025-10-26 18:28:34', NULL),
(107, 'Roman', 'Nowicki', 'Apfelgasse 23', '3423', 'ST. ANDRÄ-WÖRDERN', NULL, 'ich.alina@gmx.at', '01237/15', '2025-10-26 18:28:34', NULL),
(108, 'Matei', 'Dragne', 'Ostmarkgasse 59-61/4', '1210', 'WIEN', '69919089225', 'Marius.Dragne@attensam.at', '00447/19', '2025-10-26 18:28:34', NULL),
(109, 'Alfons', 'Schreiber', 'Meisengasse 14', '3423', 'ST. ANDRÄ-WÖRDERN', '6 763 389 375', NULL, '00222/90', '2025-10-26 18:28:34', NULL),
(110, 'Christian', 'Baumgartner', 'Hofkirchnergasse 13/2', '3400', 'KLOSTERNEUBURG', '6 649 274 105', NULL, '00789/94', '2025-10-26 18:28:34', NULL),
(111, 'Erwin', 'Schön', 'Greifensteinerstraße 134/1/4/9', '3423', 'ST. ANDRÄ-WÖRDERN', NULL, 'hexerwin@gmail.com', '128/89', '2025-10-26 18:28:34', NULL),
(112, 'Franz', 'Hirnschall', 'Wurlitzergasse 90/2/24', '1170', 'WIEN', NULL, 'franzhirnschall@gmx.at', '01940/04', '2025-10-26 18:28:34', NULL),
(113, 'Martin', 'Hirnschall', 'Wurlitzergasse 90/2/24', '1170', 'WIEN', NULL, 'franzhirnschall@gmx.at', '01171/13', '2025-10-26 18:28:34', NULL),
(114, 'Mario', 'Blaha', 'Hechtgasse 4', '2095', 'DROSENDORF', NULL, NULL, '01923/04', '2025-10-26 18:28:34', NULL),
(115, 'Peter', 'Aininger', 'Freiheitstraße 7', '3423', 'ST. ANDRÄ-WÖRDERN', '0676/5348322', 'peter.aininger@gmail.com', '00044/95', '2025-10-26 18:28:34', NULL),
(116, 'Oskar', 'Strasser', 'Franz Schubertgasse 17/3/2', '3423', 'ST. ANDRÄ-WÖRDERN', NULL, 'kerstin.probst98@gmail.com', '00570/08', '2025-10-26 18:28:34', NULL),
(117, 'Herbert', 'Winkelmeier', 'Donaulände- Uferweg 38', '2000', 'STOCKERAU', '0676 4310637', 'h.winkelmeier@gmx.at', '00381/24', '2025-10-26 18:28:34', NULL),
(118, 'Andreas', 'Weissenhorn', 'Hauptstraße 220', '3400', 'Klosterneuburg- Kierling', NULL, 'a.weissenhorn@hotmail.com', '75029/02', '2025-10-26 18:28:34', NULL),
(119, 'Ionut', 'Rusu', 'Oskar Helmerstraße 18', '2521', 'TRUMAU', NULL, 'rusumarimar@yahoo.com', '00874/12', '2025-10-26 18:28:34', NULL),
(120, 'Stephan', 'Weissensteiner', 'Ruprechtshoferweg 17', '3422', 'ALTENBERG', NULL, 'stephan.weissensteiner@gmx.at', '00337/04', '2025-10-26 18:28:34', NULL),
(121, 'Matthäus', 'Imamovic', 'Silberseeweg 14', '3422', 'ALTENBERG', NULL, 'dado.imamovic@gmail.com', '02350/18', '2025-10-26 18:28:34', NULL),
(122, 'Damir', 'Imamovic', 'Silberseeweg 14', '3422', 'ALTENBERG', NULL, 'dado.imamovic@gmail.com', '00192/18', '2025-10-26 18:28:34', NULL),
(123, 'Walter', 'Mainx', 'Ortsstraße 46', '2011', 'SIERNDORF', NULL, NULL, '28270/02', '2025-10-26 18:28:34', NULL),
(124, 'Michael', 'Komuczki', 'Konsumstraße 9/11/5', '2331', 'VÖSENDORF', NULL, 'michael.komuczki@gmail.com', '00095/91', '2025-10-26 18:28:34', NULL),
(125, 'Walter', 'Mayer', 'Andernachstraße 3', '2000', 'STOCKERAU', NULL, 'mayerwalter@gmx.at', '00058/92', '2025-10-26 18:28:34', NULL),
(126, 'Stefan', 'Murlasits', 'Südtiroler Gasse 8', '3423', 'ST. ANDRÄ-WÖRDERN', NULL, NULL, '00296/90', '2025-10-26 18:28:34', NULL),
(127, 'Ayram', 'Turcas', 'Zum Scheibenstand', '2100', 'KORNEUBURG', '66475157461', 'turcas@gmx.at', '01132/09', '2025-10-26 18:28:34', NULL),
(128, 'Florian', 'Pricop', 'Dr. Ludwigstraße 16/8/2', '2103', 'LANGENZERSDORF', '6509196666', NULL, '00053/2000', '2025-10-26 18:28:34', NULL),
(129, 'Erwin', 'Weese', 'Dr. Karl Rennerstraße 12a/13', '3425', 'LANGENLEBARN', '0664/3579697', NULL, '00068/94', '2025-10-26 18:28:34', NULL),
(130, 'Thomas', 'Pregesbauer', 'Schlossgasse 47', '3423', 'ST. ANDRÄ-WÖRDERN', '0664 / 8297570', 'pregesbauer.t@gmail.com', '00032/93', '2025-10-26 18:28:34', NULL),
(131, 'Christian', 'Langer', 'Dr. Karl Rennerallee 9-17/2/4', '3423', 'ST. ANDRÄ-WÖRDERN', NULL, 'christian.langer@rocketmail.com', '02036/19', '2025-10-26 18:28:34', NULL),
(132, 'Daniel', 'Pilz', 'Franz-Schubert-Gasse 17/2/8', '3423', 'ST. ANDRÄ-WÖRDERN', NULL, NULL, '02685/15', '2025-10-26 18:28:34', NULL),
(133, 'Fodora', 'Branko', 'Hanakgasse 13/3', '1140', 'WIEN', NULL, 'ffodorabranko@gmail.com', '00592/14', '2025-10-26 18:28:34', NULL),
(134, 'Ostojic', 'Nenad', 'Käthe-Leichtergasse 4/17/4', '1130', 'WIEN', '6641821142', 'nenad.football@hotmail.com', '01745/18', '2025-10-26 18:28:34', NULL),
(135, 'Milak', 'Zijad', 'Deutschordenstraße 26/3', '1140', 'WIEN', NULL, 'milak.elektriker@gmail.com', '65621/02', '2025-10-26 18:28:34', NULL),
(136, 'Jusuf', 'Milak', 'Joanelligasse 7/7', '1060', 'WIEN', '6764186441', 'bosanac68@gmail.com', '00590/14', '2025-10-26 18:28:34', NULL),
(137, 'Thomas', 'Hoffmann', 'Nr. 9A', '7433', 'MARIASDORF', NULL, 'th.hoffmann@gmx.at', '01766/14', '2025-10-26 18:28:34', NULL),
(138, 'Peter', 'Baier', 'Mollardgasse 34/2/48', '1060', 'WIEN', NULL, 'office@baierpeter.com', '01741/16', '2025-10-26 18:28:34', NULL),
(139, 'Wolfgang Ing.', 'Edhofer', 'Hauptstrasse 43/2', '3341', 'BAUMGARTEN', NULL, 'wolfgang.edhofer@hotmail.com', '00003/24', '2025-10-26 18:28:34', NULL),
(140, 'Michaela', 'Böhm', 'Nibelungenring 11', '3423', 'ST. ANDRÄ-WÖRDERN', NULL, 'michaela2313@gmx.at', '02158/24', '2025-10-26 18:28:34', NULL),
(141, 'Horst', 'Telser', 'Schredengasse 23/3', '3423', 'ST. ANDRÄ-WÖRDERN', NULL, 'horst@telser.at', '02169/24', '2025-10-26 18:28:34', NULL),
(142, 'Markus', 'Gottwald', 'Hauptstrasse 54', '2111', 'OBERGÄNSERNDORF', NULL, 'markus.gottwald@bmf.gv.at', '28578/02', '2025-10-26 18:28:34', NULL),
(143, 'Florian', 'Benischek', 'Franz Frieberger Gasse 18', '3423', 'ST. ANDRÄ-WÖRDERN', NULL, 'florian.benischek@karner-gmbh.at', '01739/19', '2025-10-26 18:28:34', NULL),
(144, 'Peter', 'Willach', 'Kogelgasse 2', '3433', 'KÖNIGSTETTEN', NULL, 'peter.willach@gmx.at', '00153/25', '2025-10-26 18:28:34', NULL),
(145, 'Markus', 'Hackl', 'Wienerstraße 43', '3701', 'GROßWEIKERSDORF', NULL, 'markus.hackl2@gmail.com', '01367/04', '2025-10-26 18:28:34', NULL),
(146, 'Christine', 'Baier', 'Molardgasse 34/48', '1060', 'WIEN', '0699 14108549', 'cp.baier@chello.at', '01778/24', '2025-10-26 18:28:34', NULL),
(147, 'Aleksandar', 'Lukovic', 'Agrarweg 7', '3423', 'ALTENBERG', '4,36642E+11', 'a.lukovic@gmx.at', '00633/04', '2025-10-26 18:28:34', NULL),
(148, 'Daniel', 'Chytil', 'Quellengasse 6/10', '3434', 'TULBING', '69913304142', 'd.chytil@rohrmax.at', '00133/25', '2025-10-26 18:28:34', NULL),
(149, 'Michael', 'Garas', 'Franz Weidlich Straße 17/1', '3123', 'GROßRUST', '6649231559', 'elektrotechnik@garas.at', '03126/24', '2025-10-26 18:28:34', NULL),
(150, 'Marioara', 'Pricop', 'Dr. Ludwigstraße 16/8/2', '2103', 'LANGENZERSDORF', NULL, NULL, '02980/24', '2025-10-26 18:28:34', NULL),
(151, 'Martin', 'Benak', 'Margaretenstraße 41/1', '2560', 'BERNDORF', '6504732302', NULL, '11347/02', '2025-10-26 18:28:34', NULL),
(152, 'Slobodan', 'Jovicic', 'Linzerstraße 213/6/8', '1140', 'WIEN', NULL, NULL, '01510/12', '2025-10-26 18:28:34', NULL),
(153, 'Peter', 'Wimmer', 'Weimarerstraße 110/3/1', '1190', 'WIEN', NULL, NULL, '62003/02', '2025-10-26 18:28:34', NULL),
(154, 'Ronald', 'Scheickl', 'Dunantgasse 15/12/2/9', '1210', 'WIEN', NULL, NULL, '67266/02', '2025-10-26 18:28:34', NULL),
(155, 'Radu-Constantio', 'Lupascu', 'Arthur-Schmid-Gasse 11', '2326', 'MARIA LANZENDORF', NULL, NULL, '00781/10', '2025-10-26 18:28:34', NULL),
(156, 'Martin', 'Piovarci', 'Vera Frankl-Straße 12/1', '2100', 'KORNEUBURG', NULL, NULL, '01302/16', '2025-10-26 18:28:34', NULL),
(157, 'Ferdinad', 'Braun', 'Görgengasse 8/2/1', '1190', 'WIEN', NULL, NULL, '02787/90', '2025-10-26 18:28:34', NULL),
(158, 'Harald', 'Ledwinka', 'Hainfelderstraße 14', '2563', 'POTTENSTEIN', NULL, NULL, '00689/04', '2025-10-26 18:28:34', NULL),
(159, 'Ernst', 'Siegmeth', 'Weichselgasse 6', '3423', 'ST. ANDRÄ-WÖRDERN', '+43 660 1470306', 'ernst.siegmeth@gmx.at', '02600/12', '2025-10-26 18:28:34', NULL),
(160, 'Johann', 'Plank', 'Stögergasse 4/6', '2000', 'STOCKERAU', '6 766 265 399', NULL, '00386/90', '2025-10-26 18:28:34', NULL),
(161, 'Gertraud', 'Kellner', 'Weidegasse 1', '2604', 'THERESIENFELD', NULL, 'gkellner@gmx.at', '01436/19', '2025-10-26 18:28:34', NULL),
(162, 'Karl', 'Rubizko', 'Dammstraße 2', '3423', 'WÖRDERN', NULL, NULL, '00033/94', '2025-10-26 18:28:34', NULL),
(163, 'Marc-Andreas', 'Merz', 'Windmühlgasse 15/6', '2100', 'KORNEUBURG', NULL, 'merz1@kabelplus.at', '27075/02', '2025-10-26 18:28:34', NULL),
(164, 'Constantin', 'Olariu', 'Böcklinstrasse 80/9', '1020', 'WIEN', NULL, NULL, '00335/09', '2025-10-26 18:33:05', NULL),
(165, 'Alexander', 'Heerstrass', 'Brunnenstraße 5a Haus 6', '3433', 'KÖNIGSTETTEN', '0699 10097119', 'gugo_999@yahoo.de', '01064/15', '2025-10-26 18:33:05', NULL),
(166, 'Roman', 'Innocenti', 'Nordwestbahnstraße 31', '2100', 'KORNEUBURG', '0650 7501025', 'inni.roman@gmail.com', '01955/09', '2025-10-26 18:33:05', NULL),
(167, 'Leander', 'Rebol', 'Unterer Langleithenweg 6a', '3004', 'RIEDERBERG', '69 919 419 091', NULL, 'B0100/98', '2025-10-26 18:33:05', NULL),
(168, 'Franz', 'Huber', 'Schwaigergasse 19/9/13/87', '1210', 'WIEN', NULL, NULL, '00473/90', '2025-10-26 18:33:05', NULL),
(169, 'Marius', 'Dragne', 'Ostmarkgasse 59-61/4', '1210', 'WIEN', '69919089225', 'Marius.Dragne@attensam.at', '02405/13', '2025-10-26 18:33:05', NULL),
(170, 'Gustav', 'Hoydar', 'Hadersfelderstraße 8', '3422', 'GREIFENSTEIN', NULL, NULL, '00112/91', '2025-10-26 18:33:05', NULL),
(171, 'Jürgen', 'Kirchner', 'Preuwitz 27', '3434', 'REIDLING', NULL, 'churchi655@gmail.com', '00110/94', '2025-10-26 18:33:05', NULL),
(172, 'Rainer', 'Plack', 'Lindenweg 7', '3133', 'TRAISMAUER', '0650 7574900', 'office@pr-montagen.at', '44307/02', '2025-10-26 18:33:05', NULL),
(173, 'David', 'Klausberger', 'Neuer Weg 13', '3422', 'ALTENBERG', '67682514355', 'david.klausberger@gmail.com', '00374/25', '2025-10-26 18:33:05', NULL),
(174, 'Ferdinand', 'Kahlkopf', 'Hanslweg 26', '3423', 'ST. ANDRÄ-WÖRDERN', '02242/32074', NULL, '00221/91', '2025-10-26 18:48:50', NULL),
(175, 'Moritz', 'Schalk', 'Königstettnerstraße 21', '3423', 'St. Andrä-Wördern', '0676 5465701', 'nikolaus.schalk@gmail.com', '01341/21', '2025-10-26 18:52:57', NULL),
(176, 'Nermin', 'Subasic', 'Wienerstraße 4/1/6', '2000', 'Stockerau', NULL, 'midhat1987@hotmail.com', '01810/24', '2025-10-26 18:52:57', NULL),
(177, 'Kevin', 'Knezevic', 'Donauländenweg 8', '2000', 'Stockerau', NULL, 'tomy.knez20@gmail.com', '01795/24', '2025-10-26 18:52:57', NULL),
(178, 'Elias', 'Brunner', 'Anton-Brucknergasse 3', '3423', 'St. Andrä-Wördern', NULL, NULL, '01048/19', '2025-10-26 18:52:57', NULL),
(179, 'Michael', 'Brunner', 'Hagengasse 22', '3424', 'ZEISELMAUER', NULL, NULL, '01047/19', '2025-10-26 18:58:27', NULL),
(180, 'Denise', 'Böhm', 'Nibelungenring 11', '3423', 'ST.ANDRÄ-WÖRDERN', NULL, 'michaela2313@gmx.at', '02157/24', '2025-10-26 18:58:27', NULL),
(181, 'Rudolf', 'Schragner', 'Schützengasse 4', '3423', 'ST. ANDRÄ-WÖRDERN', NULL, 'schragner.rudolf@gmail.com', '01803/89', '2025-10-26 19:25:43', NULL),
(182, 'Alfred', 'Moser', 'Teichgasse 11', '3423', 'ST. ANDRÄ-WÖRDERN', NULL, 'alfred.mo@gmx.at', '00035/89', '2025-10-26 19:25:43', NULL),
(183, 'Martin', 'Flor', 'Am Wasserwerk 2/18', '3423', 'ST. ANDRÄ-WÖRDERN', NULL, 'martin.flor@gmx.at', '191/89', '2025-10-26 19:25:43', NULL),
(184, 'Herbert', 'Aininger', 'Korngasse 4', '3423', 'ST. ANDRÄ-WÖRDERN', NULL, NULL, '00086/92', '2025-10-26 19:25:43', NULL),
(185, 'Matthias', 'Brunner', 'Anton- Brucknergasse 3', '3423', 'ST. ANDRÄ-WÖRDERN', NULL, 'matthias.brunner@oebb.at', '0343/89', '2025-10-26 19:25:43', NULL),
(186, 'Christian', 'Böhm', 'Nibelungenring 11', '3423', 'ST. ANDRÄ-WÖRDERN', NULL, 'michaela2313@gmx.at', '49031/02', '2025-10-26 19:25:43', NULL),
(187, 'Andreas', 'Lassenberger', 'Tullnerstraße 22', '3423', 'ST. ANDRÄ-WÖRDERN', NULL, 'andreas.lassenberger@gmail.com', '00131/00', '2025-10-26 19:25:43', NULL),
(188, 'Lukas', 'Stösser', 'Johann Straußgasse 1/1/14', '3426', 'MUCKENDORF', NULL, 'luke.stoesser@gmx.at', '50478/02', '2025-10-26 19:25:43', NULL),
(189, 'Michael', 'Ebner', 'Hochwassergasse 60/8/1', '1230', 'Wien', NULL, 'mikewinnimax@gmail.com', '38899/02', '2025-11-20 07:43:56', NULL),
(190, 'Tomislav', 'Knezevic', 'Donauländenweg 8', '2000', 'Stockerau', NULL, 'tomy.knez20@gmail.com', '02576/18', '2025-11-20 07:45:33', NULL),
(191, 'Martin', 'Emmer', 'Tennerweg 7', '3423', 'St. Andrä-Wördern', NULL, NULL, '36/89', '2025-11-20 07:48:48', NULL),
(192, 'Ferdinand', 'Kahlkopf', 'Hanslweg 26', '3423', 'St. Andrä-Wördern', NULL, NULL, '00221/91', '2025-11-20 07:50:11', NULL),
(193, 'Tomislav', 'Knezevic', 'Donauländenweg 8', '2000', 'Stockerau', NULL, NULL, '02576/18', '2025-11-20 08:21:07', NULL),
(194, 'Midhat', 'Subasic', 'Wienerstraße 4/1/6', '2000', 'Stockerau', NULL, 'midhat1987@hotmail.com', '00112/05', '2025-11-20 08:24:02', NULL),
(195, 'Matias', 'Rusu', 'Oskar Helmerstraße 189', '2521', 'TRUMAU', NULL, NULL, '00874/12', '2026-03-28 09:24:53', NULL),
(196, 'Nenad', 'Borojevic', 'Hütteldorferstraße 1354/1105', '1140', 'WIEN', '069911708354', 'borojevic.nenad14@gmail.com', '01745/18', '2026-03-28 09:37:48', NULL),
(197, 'Manfred', 'Kollmayer', 'Gudrungasse 9', '3424', 'Zeiselmauer', '06763143440', 'kollmayer@gmail.com', '48550/02', '2026-03-29 09:02:46', NULL),
(198, 'Benjamin', 'GIMENEZ', 'Greifensteinerstraße 55', '3423', 'St. Andrä-Wördern', '06764494035', NULL, '50458/02', '2026-03-29 09:06:14', NULL),
(199, 'Mario', 'WEISS', 'Am Graben 8/5', '2151', 'UNTERSTINKENBRUNN', NULL, 'mario.weiss@ams.at', '01388/24', '2026-03-29 09:11:20', '1989-05-02'),
(200, 'Norbert', 'Kamauf', 'Sonnengasse 6', '3426', 'Muckendorf-Wipfing', '06766505090', 'norbert.kamauf@staw.at', '49092/02', '2026-03-29 09:17:19', NULL),
(201, 'Stefan', 'Adamcsak', 'Grenzweg 3', '3422', 'Altenberg', '06503309450', 'adamcsak@huntivity-group.com', 'B188/93', '2026-03-29 09:23:49', NULL),
(202, 'Manuel', 'Kolb', 'Ortsstraße 207/2/8', '2331', 'Vösendorf', '06641181495', 'manuel.kolb67@gmail.com', '03010/14', '2026-03-29 09:28:21', NULL),
(203, 'Markus', 'Bernwieser', 'Bahnhofplatz 2', '3424', 'Zeiselmauer', '069911502839', 'markus.bernwieser@justiz.gv.at', '54981/02', '2026-03-29 09:32:43', NULL),
(204, 'Walter', 'Probst', 'Markgasse 3/4/2', '3400', 'Klosterneuburg', '0660430944', NULL, '75289/02', '2026-03-29 09:36:23', NULL),
(205, 'Michael', 'Wiesinger', 'Am Durchstich 26', '3420', 'Kritzendorf', '06763951559', NULL, 'K-68/89', '2026-03-29 09:40:47', NULL),
(206, 'Ludwig', 'Ehrenstrasser', 'Hauptstraße 172', '3412', 'Kierling', '06642119220', 'ludwig300978@outlook.com', '55584/02', '2026-03-29 09:45:08', NULL),
(207, 'Roman', 'Petzina', '106', '2152', 'Eichenbrunn', '06644210168', 'roman.petzina@gmx.at', '53/01', '2026-03-29 09:48:47', NULL),
(208, 'Manuel', 'Petzina', 'Chimanigasse 1/2/17', '2100', 'Korneuburg', NULL, 'manuel.petzina@gmail.com', '01966/17', '2026-03-29 09:49:43', NULL),
(209, 'Daniel', 'Passet', 'Corniedesstraße 6 /1/13', '2564', 'Weissenbach an der Triesting', '+436505009751', 'passetdaniel7@gmail.com', '01015/04', '2026-03-29 10:04:40', NULL),
(210, 'Peter', 'Obritzberger', 'Cossmanngasse 14/1', '1140', 'Wien', '069919711056', 'epos1@chello.at', '55060/02', '2026-03-29 10:07:31', NULL),
(211, 'Catharina', 'Ullrich', 'Eichenbrunn 106', '2152', 'Gnadendorf', NULL, 'cathi.ullrich@gmx.at', '02314/25', '2026-03-29 10:12:50', NULL),
(212, 'Claus', 'Ullrich', 'Sportgasse 9', '2261', 'Angern an der March', NULL, 'claus@landhonig.at', '02174/25', '2026-03-29 10:12:56', NULL),
(213, 'Hans', 'Cervinka', 'Wassergasse 214', '2252', 'Ollersdorf', '06645413984', 'hans.cervinka@gmx.at', '00133/22', '2026-03-29 10:21:31', NULL),
(214, 'Lukas-Elias', 'Turnhöfer', 'Kirchbacherstraße 14/1', '3413', 'Hintersdorf', '06508528430', 'turnhoefer11@gmail.com', '03776/25', '2026-03-29 10:28:40', NULL),
(215, 'Thomas', 'Turnhöfer', 'Kirchbacherstraße 14/1', '3413', 'Hintersdorf', '06764089020', 'turnhoefer@gmx.at', '03777/25', '2026-03-29 10:28:45', NULL);

-- --------------------------------------------------------

--
-- Tabellenstruktur für Tabelle `lizenzpreise`
--

CREATE TABLE `lizenzpreise` (
  `jahr` int(11) NOT NULL,
  `lizenztyp` enum('Angel','Daubel','Boot','Intern','Kinder','Jugend') NOT NULL,
  `preis` decimal(10,2) NOT NULL
) ENGINE=InnoDB DEFAULT CHARSET=utf8mb4 COLLATE=utf8mb4_unicode_ci;

--
-- Daten für Tabelle `lizenzpreise`
--

INSERT INTO `lizenzpreise` (`jahr`, `lizenztyp`, `preis`) VALUES
(2025, 'Angel', 105.00),
(2025, 'Daubel', 130.00),
(2025, 'Boot', 210.00),
(2025, 'Intern', 0.00),
(2025, 'Kinder', 10.00),
(2025, 'Jugend', 50.00),
(2026, 'Angel', 105.00),
(2026, 'Daubel', 130.00),
(2026, 'Boot', 210.00),
(2026, 'Intern', 0.00),
(2026, 'Kinder', 10.00),
(2026, 'Jugend', 50.00);

-- --------------------------------------------------------

--
-- Tabellenstruktur für Tabelle `plz_orte`
--

CREATE TABLE `plz_orte` (
  `plz` varchar(10) NOT NULL,
  `ort` varchar(100) NOT NULL
) ENGINE=InnoDB DEFAULT CHARSET=utf8mb4 COLLATE=utf8mb4_unicode_ci;

--
-- Daten für Tabelle `plz_orte`
--

INSERT INTO `plz_orte` (`plz`, `ort`) VALUES
('1010', 'Wien'),
('1020', 'Wien'),
('1030', 'Wien'),
('1040', 'Wien'),
('1050', 'Wien'),
('1060', 'Wien'),
('1070', 'Wien'),
('1080', 'Wien'),
('1090', 'Wien'),
('1100', 'Wien'),
('1110', 'Wien'),
('1120', 'Wien'),
('1130', 'Wien'),
('1140', 'Wien'),
('1150', 'Wien'),
('1160', 'Wien'),
('1170', 'Wien'),
('1180', 'Wien'),
('1190', 'Wien'),
('1200', 'Wien'),
('1210', 'Wien'),
('1220', 'Wien'),
('1230', 'Wien'),
('1300', 'Wien-Flughafen'),
('2000', 'Stockerau'),
('2002', 'Großmugl'),
('2003', 'Leitzersdorf'),
('2004', 'Niederhollabrunn'),
('2011', 'Sierndorf'),
('2013', 'Göllersdorf'),
('2014', 'Breitenwaida'),
('2020', 'Hollabrunn'),
('2022', 'Immendorf'),
('2023', 'Nappersdorf'),
('2024', 'Mailberg'),
('2031', 'Eggendorf im Thale'),
('2032', 'Enzersdorf im Thale'),
('2033', 'Kammersdorf'),
('2034', 'Großharras'),
('2041', 'Wullersdorf'),
('2042', 'Guntersdorf'),
('2051', 'Zellerndorf'),
('2052', 'Pernersdorf-Pfaffendorf'),
('2053', 'Jetzelsdorf'),
('2054', 'Haugsdorf'),
('2061', 'Hadres'),
('2062', 'Seefeld-Großkadolz'),
('2063', 'Zwingendorf'),
('2064', 'Wulzeshofen'),
('2070', 'Retz'),
('2073', 'Schrattenthal'),
('2074', 'Unterretzbach'),
('2081', 'Niederfladnitz'),
('2082', 'Hardegg'),
('2083', 'Pleißing'),
('2084', 'Weitersfeld'),
('2091', 'Langau'),
('2092', 'Riegersburg'),
('2093', 'Geras'),
('2094', 'Zissersdorf'),
('2095', 'Drosendorf'),
('2100', 'Korneuburg'),
('2102', 'Bisamberg'),
('2103', 'Langenzersdorf'),
('2104', 'Spillern'),
('2105', 'Oberrohrbach'),
('2111', 'Rückersdorf-Harmannsdorf'),
('2112', 'Würnitz'),
('2113', 'Karnabrunn'),
('2114', 'Großrußbach'),
('2115', 'Ernstbrunn'),
('2116', 'Niederleis'),
('2120', 'Wolkersdorf im Weinviertel'),
('2122', 'Ulrichskirchen'),
('2123', 'Schleinbach'),
('2124', 'Niederkreuzstetten'),
('2125', 'Neubau'),
('2126', 'Ladendorf'),
('2130', 'Mistelbach'),
('2132', 'Frättingsdorf'),
('2133', 'Loosdorf'),
('2134', 'Staatz-Kautendorf'),
('2135', 'Neudorf im Weinviertel'),
('2136', 'Laa an der Thaya'),
('2141', 'Ameis'),
('2143', 'Großkrut'),
('2144', 'Altlichtenwarth'),
('2145', 'Hausbrunn'),
('2151', 'Asparn an der Zaya'),
('2152', 'Gnadendorf'),
('2153', 'Stronsdorf'),
('2154', 'Unterstinkenbrunn'),
('2161', 'Poysbrunn'),
('2162', 'Falkenstein'),
('2163', 'Ottenthal'),
('2164', 'Wildendürnbach'),
('2165', 'Drasenhofen'),
('2170', 'Poysdorf'),
('2171', 'Herrnbaumgarten'),
('2172', 'Schrattenberg'),
('2181', 'Dobermannsdorf'),
('2182', 'Palterndorf'),
('2183', 'Neusiedl an der Zaya'),
('2184', 'Hauskirchen'),
('2185', 'Prinzendorf an der Zaya'),
('2191', 'Gaweinstal'),
('2192', 'Kettlasbrunn'),
('2193', 'Wilfersdorf'),
('2201', 'Gerasdorf'),
('2202', 'Enzersfeld'),
('2203', 'Großebersdorf'),
('2211', 'Pillichsdorf'),
('2212', 'Großengersdorf'),
('2213', 'Bockfließ'),
('2214', 'Auersthal'),
('2215', 'Raggendorf'),
('2221', 'Groß Schweinbarth'),
('2222', 'Bad Pirawarth'),
('2223', 'Hohenruppersdorf'),
('2224', 'Obersulz'),
('2225', 'Zistersdorf'),
('2230', 'Gänserndorf'),
('2231', 'Strasshof an der Nordbahn'),
('2232', 'Deutsch Wagram'),
('2241', 'Schönkirchen'),
('2242', 'Prottes'),
('2243', 'Matzen'),
('2244', 'Spannberg'),
('2245', 'Velm-Götzendorf'),
('2251', 'Ebenthal'),
('2252', 'Ollersdorf'),
('2253', 'Weikendorf'),
('2261', 'Angern an der March'),
('2262', 'Stillfried'),
('2263', 'Dürnkrut'),
('2264', 'Jedenspeigen'),
('2265', 'Drösing'),
('2272', 'Niederabsdorf'),
('2273', 'Hohenau an der March'),
('2274', 'Rabensburg'),
('2275', 'Bernhardsthal'),
('2276', 'Reintal'),
('2280', 'Glinzendorf'),
('2281', 'Raasdorf'),
('2282', 'Markgrafneusiedl'),
('2283', 'Obersiebenbrunn'),
('2284', 'Untersiebenbrunn'),
('2285', 'Leopoldsdorf im Marchfelde'),
('2286', 'Haringsee'),
('2291', 'Lassee'),
('2292', 'Engelhartstetten'),
('2293', 'Marchegg Stadt'),
('2294', 'Marchegg Bahnhof'),
('2295', 'Oberweiden'),
('2301', 'Groß-Enzersdorf'),
('2304', 'Orth an der Donau'),
('2305', 'Eckartsau'),
('2320', 'Schwechat'),
('2322', 'Zwölfaxing'),
('2325', 'Himberg'),
('2326', 'Maria Lanzendorf'),
('2331', 'Vösendorf'),
('2332', 'Hennersdorf'),
('2333', 'Leopoldsdorf'),
('2334', 'Vösendorf'),
('2340', 'Mödling'),
('2344', 'Maria Enzersdorf'),
('2345', 'Brunn am Gebirge'),
('2351', 'Wiener Neudorf'),
('2352', 'Gumpoldskirchen'),
('2353', 'Guntramsdorf'),
('2361', 'Laxenburg'),
('2362', 'Biedermannsdorf'),
('2371', 'Hinterbrühl'),
('2372', 'Gießhübl'),
('2380', 'Perchtoldsdorf'),
('2381', 'Laab im Walde'),
('2384', 'Breitenfurt bei Wien'),
('2391', 'Kaltenleutgeben'),
('2392', 'Sulz im Wienerwald'),
('2393', 'Sittendorf'),
('2401', 'Fischamend'),
('2402', 'Maria Ellend'),
('2403', 'Regelsbrunn'),
('2404', 'Petronell'),
('2405', 'Bad Deutsch Altenburg'),
('2410', 'Hainburg an der Donau'),
('2412', 'Wolfsthal'),
('2413', 'Berg'),
('2421', 'Kittsee'),
('2422', 'Pama'),
('2423', 'Deutsch Jahrndorf'),
('2424', 'Zurndorf'),
('2425', 'Nickelsdorf'),
('2431', 'Kleinneusiedl'),
('2432', 'Schwadorf'),
('2433', 'Margarethen am Moos'),
('2434', 'Götzendorf an der Leitha'),
('2435', 'Ebergassing'),
('2440', 'Gramatneusiedl'),
('2441', 'Mitterndorf an der Fischa'),
('2442', 'Unterwaltersdorf'),
('2443', 'Deutsch-Brodersdorf'),
('2444', 'Seibersdorf'),
('2451', 'Hof am Leithaberge'),
('2452', 'Mannersdorf am Leithagebirge'),
('2453', 'Sommerein'),
('2454', 'Trautmannsdorf an der Leitha'),
('2460', 'Bruck an der Leitha'),
('2462', 'Wilfleinsdorf'),
('2463', 'Stixneusiedl'),
('2464', 'Göttlesbrunn'),
('2465', 'Höflein'),
('2471', 'Rohrau'),
('2472', 'Prellenkirchen'),
('2473', 'Potzneusiedl'),
('2474', 'Gattendorf'),
('2475', 'Neudorf'),
('2481', 'Achau'),
('2482', 'Münchendorf'),
('2483', 'Ebreichsdorf'),
('2485', 'Wampersdorf'),
('2486', 'Pottendorf'),
('2490', 'Ebenfurth'),
('2491', 'Neufeld an der Leitha'),
('2492', 'Eggendorf'),
('2493', 'Lichtenwörth-Nadelburg'),
('2500', 'Baden'),
('2504', 'Sooß'),
('2511', 'Pfaffstätten'),
('2512', 'Tribuswinkel'),
('2514', 'Traiskirchen'),
('2521', 'Trumau'),
('2522', 'Oberwaltersdorf'),
('2523', 'Tattendorf'),
('2524', 'Teesdorf'),
('2525', 'Günselsdorf'),
('2531', 'Gaaden'),
('2532', 'Heiligenkreuz im Wienerwald'),
('2533', 'Klausen-Leopoldsdorf'),
('2534', 'Alland'),
('2540', 'Bad Vöslau'),
('2542', 'Kottingbrunn'),
('2544', 'Leobersdorf'),
('2551', 'Enzesfeld-Lindabrunn'),
('2552', 'Hirtenberg'),
('2560', 'Berndorf'),
('2561', 'Hernstein'),
('2563', 'Pottenstein'),
('2564', 'Weissenbach an der Triesting'),
('2565', 'Neuhaus'),
('2571', 'Altenmarkt-Thenneberg'),
('2572', 'Kaumberg'),
('2601', 'Sollenau'),
('2602', 'Blumau-Neurißhof'),
('2603', 'Felixdorf'),
('2604', 'Theresienfeld'),
('2620', 'Neunkirchen'),
('2624', 'Breitenau'),
('2625', 'Schwarzau am Steinfelde'),
('2630', 'Ternitz'),
('2631', 'Sieding-Stixenstein'),
('2632', 'Wimpassing im Schwarzatale'),
('2640', 'Gloggnitz'),
('2641', 'Schottwien'),
('2650', 'Payerbach'),
('2651', 'Reichenau an der Rax'),
('2654', 'Prein an der Rax'),
('2661', 'Naßwald'),
('2662', 'Schwarzau im Gebirge'),
('2663', 'Rohr im Gebirge'),
('2671', 'Küb'),
('2673', 'Breitenstein'),
('2680', 'Semmering'),
('2700', 'Wiener Neustadt'),
('2721', 'Bad Fischau'),
('2722', 'Winzendorf'),
('2723', 'Muthmannsdorf'),
('2724', 'Hohe Wand-Stollhof'),
('2731', 'St. Egyden am Steinfeld'),
('2732', 'Willendorf'),
('2733', 'Grünbach am Schneeberg'),
('2734', 'Puchberg am Schneeberg'),
('2751', 'Steinabrückl'),
('2752', 'Wöllersdorf'),
('2753', 'Markt Piesting'),
('2754', 'Waldegg'),
('2755', 'Oed'),
('2761', 'Miesenbach'),
('2763', 'Pernitz'),
('2770', 'Gutenstein'),
('2801', 'Katzelsdorf'),
('2802', 'Hochwolkersdorf'),
('2803', 'Schwarzenbach'),
('2811', 'Wiesmath'),
('2812', 'Hollenthon'),
('2813', 'Lichtenegg'),
('2820', 'Walpersbach'),
('2821', 'Lanzenkirchen'),
('2822', 'Bad Erlach'),
('2823', 'Pitten'),
('2824', 'Seebenstein'),
('2831', 'Warth'),
('2832', 'Thernberg'),
('2833', 'Bromberg'),
('2840', 'Grimmenstein'),
('2842', 'Edlitz'),
('2851', 'Krumbach'),
('2852', 'Hochneukirchen'),
('2853', 'Bad Schönau'),
('2860', 'Kirchschlag in der Buckligen Welt'),
('2870', 'Aspang'),
('2871', 'Zöbern'),
('2872', 'Mönichkirchen'),
('2873', 'Feistritz am Wechsel'),
('2880', 'Kirchberg am Wechsel'),
('2881', 'Trattenbach'),
('3001', 'Mauerbach'),
('3002', 'Purkersdorf'),
('3003', 'Gablitz'),
('3004', 'Ried am Riederberg'),
('3011', 'Untertullnerbach'),
('3012', 'Wolfsgraben'),
('3013', 'Tullnerbach-Lawies'),
('3021', 'Pressbaum'),
('3031', 'Rekawinkel'),
('3032', 'Eichgraben'),
('3033', 'Altlengbach'),
('3034', 'Maria Anzbach'),
('3040', 'Neulengbach'),
('3041', 'Asperhofen'),
('3042', 'Würmla'),
('3051', 'St. Christophen'),
('3052', 'Innermanzing'),
('3053', 'Laaben'),
('3061', 'Ollersbach'),
('3062', 'Kirchstetten'),
('3071', 'Böheimkirchen'),
('3072', 'Kasten bei Böheimkirchen'),
('3073', 'Stössing'),
('3074', 'Michelbach'),
('3100', 'St. Pölten'),
('3104', 'St. Pölten-Harland'),
('3105', 'St. Pölten-Radlberg'),
('3107', 'St. Pölten-Traisenpark'),
('3110', 'Neidling'),
('3121', 'Karlstetten'),
('3122', 'Gansbach'),
('3123', 'Obritzberg'),
('3124', 'Oberwölbling'),
('3125', 'Statzendorf'),
('3130', 'Herzogenburg'),
('3131', 'Getzersdorf'),
('3133', 'Traismauer'),
('3134', 'Nußdorf'),
('3140', 'Pottenbrunn'),
('3141', 'Kapelln'),
('3142', 'Perschling'),
('3143', 'Pyhra'),
('3144', 'Wald'),
('3150', 'Wilhelmsburg'),
('3151', 'St. Georgen am Steinfelde'),
('3153', 'Eschenau'),
('3160', 'Traisen'),
('3161', 'St. Veit an der Gölsen'),
('3162', 'Rainfeld'),
('3163', 'Rohrbach'),
('3170', 'Hainfeld'),
('3171', 'Kleinzell-Salzerbad'),
('3172', 'Ramsau'),
('3180', 'Lilienfeld'),
('3183', 'Freiland'),
('3184', 'Türnitz'),
('3192', 'Hohenberg'),
('3193', 'St. Aegyd am Neuwalde'),
('3195', 'Kernhof'),
('3200', 'Ober-Grafendorf'),
('3202', 'Hofstetten'),
('3203', 'Rabenstein an der Pielach'),
('3204', 'Kirchberg an der Pielach'),
('3205', 'Weinburg'),
('3211', 'Loich'),
('3212', 'Schwarzenbach an der Pielach'),
('3213', 'Frankenfels'),
('3214', 'Puchenstuben'),
('3221', 'Gösing an der Mariazellerbahn'),
('3222', 'Annaberg'),
('3223', 'Wienerbruck'),
('3224', 'Mitterbach'),
('3231', 'St. Margarethen an der Sierning'),
('3232', 'Bischofstetten'),
('3233', 'Kilb'),
('3240', 'Mank'),
('3241', 'Kirnberg an der Mank'),
('3242', 'Texing'),
('3243', 'St. Leonhard am Forst'),
('3244', 'Ruprechtshofen'),
('3250', 'Wieselburg'),
('3251', 'Purgstall'),
('3252', 'Petzenkirchen'),
('3253', 'Erlauf'),
('3254', 'Bergland'),
('3261', 'Steinakirchen am Forst'),
('3262', 'Wang'),
('3263', 'Randegg'),
('3264', 'Gresten'),
('3270', 'Scheibbs'),
('3281', 'Oberndorf an der Melk'),
('3282', 'St. Georgen an der Leys'),
('3283', 'St. Anton an der Jeßnitz'),
('3291', 'Kienberg'),
('3292', 'Gaming'),
('3293', 'Lunz am See'),
('3294', 'Langau'),
('3295', 'Lackenhof'),
('3300', 'Amstetten'),
('3304', 'St. Georgen am Ybbsfelde'),
('3311', 'Zeillern'),
('3312', 'Oed'),
('3313', 'Wallsee'),
('3314', 'Strengberg'),
('3321', 'Ardagger'),
('3322', 'Viehdorf'),
('3323', 'Neustadtl an der Donau'),
('3324', 'Euratsfeld'),
('3325', 'Ferschnitz'),
('3331', 'Kematen'),
('3332', 'Rosenau am Sonntagberg'),
('3333', 'Böhlerwerk'),
('3334', 'Gaflenz'),
('3335', 'Weyer'),
('3340', 'Waidhofen an der Ybbs'),
('3341', 'Ybbsitz'),
('3342', 'Opponitz'),
('3343', 'Hollenstein an der Ybbs'),
('3344', 'St. Georgen am Reith'),
('3345', 'Göstling an der Ybbs'),
('3350', 'Haag'),
('3351', 'Weistrach'),
('3352', 'St. Peter in der Au'),
('3353', 'Seitenstetten'),
('3354', 'Wolfsbach'),
('3355', 'Ertl'),
('3361', 'Aschbach Markt'),
('3362', 'Mauer-Öhling'),
('3363', 'Ulmerfeld-Hausmening'),
('3364', 'Neuhofen an der Ybbs'),
('3365', 'Allhartsberg'),
('3370', 'Ybbs an der Donau'),
('3371', 'Neumarkt an der Ybbs'),
('3372', 'Blindenmarkt'),
('3373', 'Kemmelbach'),
('3374', 'Säusenstein'),
('3375', 'Krummnußbaum'),
('3376', 'St. Martin-Karlsbach'),
('3380', 'Pöchlarn'),
('3381', 'Golling'),
('3382', 'Loosdorf'),
('3383', 'Hürm'),
('3384', 'Groß Sierning'),
('3385', 'Prinzersdorf'),
('3386', 'Hafnerbach'),
('3388', 'Markersdorf-Haindorf'),
('3390', 'Melk'),
('3392', 'Dunkelsteinerwald'),
('3393', 'Matzleinsdorf'),
('3394', 'Schönbühel-Aggsbach'),
('3400', 'Klosterneuburg'),
('3413', 'Hintersdorf'),
('3420', 'Kritzendorf'),
('3421', 'Höflein an der Donau'),
('3422', 'Greifenstein'),
('3423', 'St. Andrä-Wördern'),
('3424', 'Zeiselmauer'),
('3425', 'Langenlebarn'),
('3426', 'Muckendorf-Wipfing'),
('3430', 'Tulln an der Donau'),
('3433', 'Königstetten'),
('3434', 'Tulbing'),
('3435', 'Zwentendorf an der Donau'),
('3441', 'Judenau'),
('3442', 'Langenrohr'),
('3443', 'Sieghartskirchen'),
('3451', 'Michelhausen'),
('3452', 'Atzenbrugg'),
('3454', 'Sitzenberg-Reidling'),
('3462', 'Absdorf'),
('3463', 'Stetteldorf am Wagram'),
('3464', 'Hausleiten'),
('3465', 'Königsbrunn am Wagram'),
('3470', 'Kirchberg am Wagram'),
('3471', 'Großriedenthal'),
('3472', 'Hohenwarth'),
('3473', 'Mühlbach am Manhartsberg'),
('3474', 'Altenwörth'),
('3481', 'Fels am Wagram'),
('3482', 'Gösing am Wagram'),
('3483', 'Feuersbrunn'),
('3484', 'Grafenwörth'),
('3485', 'Haitzendorf'),
('3491', 'Straß im Straßertale'),
('3492', 'Etsdorf am Kamp'),
('3493', 'Hadersdorf am Kamp'),
('3494', 'Gedersdorf'),
('3495', 'Rohrendorf bei Krems'),
('3500', 'Krems an der Donau'),
('3506', 'Krems-Hollenburg'),
('3508', 'Paudorf'),
('3511', 'Furth bei Göttweig'),
('3512', 'Mautern'),
('3521', 'Obermeisling'),
('3522', 'Lichtenau'),
('3524', 'Grainbrunn'),
('3525', 'Sallingberg'),
('3531', 'Niedernondorf'),
('3532', 'Rastenfeld'),
('3533', 'Friedersbach'),
('3541', 'Senftenberg'),
('3542', 'Gföhl'),
('3543', 'Krumau am Kamp'),
('3544', 'Idolsberg'),
('3550', 'Langenlois'),
('3552', 'Lengenfeld'),
('3553', 'Schiltern'),
('3561', 'Zöbing'),
('3562', 'Schönberg'),
('3564', 'Plank am Kamp'),
('3571', 'Gars am Kamp'),
('3572', 'St. Leonhard am Hornerwald'),
('3573', 'Rosenburg'),
('3580', 'Horn'),
('3591', 'Altenburg'),
('3592', 'Röhrenbach'),
('3593', 'Neupölla'),
('3594', 'Franzen'),
('3595', 'Brunn an der Wild'),
('3601', 'Dürnstein'),
('3602', 'Rossatz'),
('3610', 'Weißenkirchen in der Wachau'),
('3611', 'Großheinrichschlag'),
('3613', 'Albrechtsberg an der Großen Krems'),
('3620', 'Spitz'),
('3621', 'Mitterarnsdorf'),
('3622', 'Mühldorf'),
('3623', 'Kottes'),
('3631', 'Ottenschlag'),
('3632', 'Bad Traunstein'),
('3633', 'Schönbach'),
('3641', 'Aggsbach Markt'),
('3642', 'Aggsbach Dorf'),
('3643', 'Maria Laach am Jauerling'),
('3644', 'Emmersdorf an der Donau'),
('3650', 'Pöggstall'),
('3652', 'Leiben'),
('3653', 'Weiten'),
('3654', 'Raxendorf'),
('3660', 'Klein-Pöchlarn'),
('3661', 'Artstetten'),
('3662', 'Münichreith'),
('3663', 'Laimbach am Ostrong'),
('3664', 'Martinsberg'),
('3665', 'Gutenbrunn'),
('3671', 'Marbach an der Donau'),
('3672', 'Maria Taferl'),
('3680', 'Persenbeug'),
('3681', 'Hofamt Priel'),
('3683', 'Yspertal'),
('3684', 'St. Oswald'),
('3691', 'Nöchling'),
('3701', 'Großweikersdorf'),
('3702', 'Niederrußbach'),
('3704', 'Glaubendorf'),
('3710', 'Ziersdorf'),
('3711', 'Großmeiseldorf'),
('3712', 'Maissau'),
('3713', 'Harmannsdorf'),
('3714', 'Sitzendorf an der Schmida'),
('3720', 'Ravelsbach'),
('3721', 'Limberg'),
('3722', 'Straning'),
('3730', 'Eggenburg'),
('3741', 'Pulkau'),
('3742', 'Theras'),
('3743', 'Röschitz'),
('3744', 'Stockern'),
('3751', 'Sigmundsherberg'),
('3752', 'Walkenstein'),
('3753', 'Hötzelsdorf'),
('3754', 'Irnfritz'),
('3761', 'Messern'),
('3762', 'Ludweis'),
('3763', 'Japons'),
('3800', 'Göpfritz an der Wild'),
('3804', 'Allentsteig'),
('3811', 'Kirchberg an der Wild'),
('3812', 'Groß Siegharts'),
('3813', 'Dietmanns'),
('3814', 'Aigen'),
('3820', 'Raabs an der Thaya'),
('3822', 'Karlstein an der Thaya'),
('3823', 'Weikertschlag an der Thaya'),
('3824', 'Großau'),
('3830', 'Waidhofen an der Thaya'),
('3834', 'Pfaffenschlag bei Waidhofen an der Thaya'),
('3841', 'Windigsteig'),
('3842', 'Thaya'),
('3843', 'Dobersberg'),
('3844', 'Waldkirchen an der Thaya'),
('3851', 'Kautzen'),
('3852', 'Gastern'),
('3860', 'Heidenreichstein'),
('3861', 'Eggern'),
('3862', 'Eisgarn'),
('3863', 'Reingers'),
('3871', 'Nagelberg'),
('3872', 'Langegg'),
('3873', 'Brand'),
('3874', 'Litschau'),
('3900', 'Schwarzenau'),
('3902', 'Vitis'),
('3903', 'Echsenbach'),
('3910', 'Zwettl'),
('3911', 'Rappottenstein'),
('3912', 'Grafenschlag'),
('3913', 'Großgöttfritz'),
('3914', 'Waldhausen'),
('3920', 'Groß Gerungs'),
('3921', 'Langschlag'),
('3922', 'Großschönau'),
('3923', 'Jagenbach'),
('3924', 'Rosenau Schloß'),
('3925', 'Arbesbach'),
('3931', 'Schweiggers'),
('3932', 'Kirchberg am Walde'),
('3942', 'Hirschbach'),
('3943', 'Schrems'),
('3944', 'Pürbach'),
('3945', 'Hoheneich'),
('3950', 'Gmünd'),
('3961', 'Waldenstein'),
('3962', 'Heinrichs bei Weitra'),
('3970', 'Weitra'),
('3971', 'St. Martin'),
('3972', 'Bad Großpertholz'),
('3973', 'Karlstift'),
('4020', 'Linz'),
('4030', 'Linz'),
('4040', 'Linz'),
('4048', 'Puchenau'),
('4050', 'Traun'),
('4052', 'Ansfelden'),
('4053', 'Haid'),
('4055', 'Pucking'),
('4060', 'Leonding'),
('4061', 'Pasching'),
('4062', 'Thening'),
('4063', 'Hörsching'),
('4064', 'Oftering'),
('4070', 'Eferding'),
('4072', 'Alkoven'),
('4073', 'Wilhering'),
('4074', 'Stroheim'),
('4075', 'Breitenaich'),
('4076', 'St. Marienkirchen an der Polsenz'),
('4081', 'Hartkirchen'),
('4082', 'Aschach an der Donau'),
('4083', 'Haibach ob der Donau'),
('4084', 'St. Agatha'),
('4085', 'Wesenufer'),
('4090', 'Engelhartszell'),
('4091', 'Vichtenstein'),
('4092', 'Esternberg'),
('4100', 'Ottensheim'),
('4101', 'Feldkirchen an der Donau'),
('4102', 'Goldwörth'),
('4111', 'Walding'),
('4112', 'Rottenegg'),
('4113', 'St. Martin im Mühlkreis'),
('4114', 'Neuhaus an der Donau'),
('4115', 'Kleinzell im Mühlkreis'),
('4116', 'St. Ulrich im Mühlkreis'),
('4120', 'Neufelden'),
('4121', 'Altenfelden'),
('4122', 'Arnreit'),
('4131', 'Kirchberg ob der Donau'),
('4132', 'Lembach im Mühlkreis'),
('4133', 'Niederkappel'),
('4134', 'Putzleinsdorf'),
('4141', 'Pfarrkirchen im Mühlkreis'),
('4142', 'Hofkirchen im Mühlkreis'),
('4143', 'Neustift im Mühlkreis'),
('4144', 'Oberkappel'),
('4150', 'Rohrbach in Oberösterreich'),
('4151', 'Oepping'),
('4152', 'Sarleinsbach'),
('4153', 'Peilstein im Mühlviertel'),
('4154', 'Kollerschlag'),
('4155', 'Nebelberg'),
('4160', 'Aigen-Schlägl'),
('4161', 'Ulrichsberg'),
('4162', 'Julbach'),
('4163', 'Klaffer am Hochficht'),
('4164', 'Schwarzenberg am Böhmerwald'),
('4170', 'Haslach an der Mühl'),
('4171', 'St. Peter am Wimberg'),
('4172', 'St. Johann am Wimberg'),
('4173', 'St. Veit im Mühlkreis'),
('4174', 'Niederwaldkirchen'),
('4175', 'Herzogsdorf'),
('4180', 'Zwettl an der Rodl'),
('4181', 'Oberneukirchen'),
('4182', 'Waxenberg'),
('4183', 'Traberg'),
('4184', 'Helfenberg'),
('4190', 'Bad Leonfelden'),
('4191', 'Vorderweißenbach'),
('4192', 'Schenkenfelden'),
('4193', 'Reichenthal'),
('4201', 'Gramastetten'),
('4202', 'Hellmonsödt'),
('4203', 'Altenberg bei Linz'),
('4204', 'Reichenau im Mühlkreis'),
('4209', 'Engerwitzdorf'),
('4210', 'Gallneukirchen'),
('4211', 'Alberndorf in der Riedmark'),
('4212', 'Neumarkt im Mühlkreis'),
('4213', 'Unterweitersdorf'),
('4221', 'Steyregg'),
('4222', 'St. Georgen an der Gusen'),
('4223', 'Katsdorf'),
('4224', 'Wartberg ob der Aist'),
('4225', 'Luftenberg'),
('4230', 'Pregarten'),
('4232', 'Hagenberg im Mühlkreis'),
('4240', 'Freistadt'),
('4242', 'Hirschbach im Mühlkreis'),
('4251', 'Sandl'),
('4252', 'Liebenau'),
('4261', 'Rainbach im Mühlkreis'),
('4262', 'Leopoldschlag'),
('4263', 'Windhaag bei Freistadt'),
('4264', 'Grünbach'),
('4271', 'St. Oswald bei Freistadt'),
('4272', 'Weitersfelden'),
('4273', 'Unterweißenbach'),
('4274', 'Schönau im Mühlkreis'),
('4280', 'Königswiesen'),
('4281', 'Mönchdorf'),
('4282', 'Pierbach'),
('4283', 'Bad Zell'),
('4284', 'Tragwein'),
('4291', 'Lasberg'),
('4292', 'Kefermarkt'),
('4293', 'Gutau'),
('4294', 'St. Leonhard bei Freistadt'),
('4300', 'St. Valentin'),
('4303', 'St. Pantaleon'),
('4310', 'Mauthausen'),
('4311', 'Schwertberg'),
('4312', 'Ried in der Riedmark'),
('4320', 'Perg'),
('4322', 'Windhaag bei Perg'),
('4323', 'Münzbach'),
('4324', 'Rechberg'),
('4331', 'Naarn'),
('4332', 'Au an der Donau'),
('4341', 'Arbing'),
('4342', 'Baumgartenberg'),
('4343', 'Mitterkirchen'),
('4351', 'Saxen'),
('4352', 'Klam'),
('4360', 'Grein'),
('4362', 'Bad Kreuzen'),
('4363', 'Pabneukirchen'),
('4364', 'St. Thomas'),
('4371', 'Dimbach'),
('4372', 'St. Georgen am Walde'),
('4381', 'St. Nikola an der Donau'),
('4382', 'Sarmingstein'),
('4391', 'Waldhausen im Strudengau'),
('4392', 'Dorfstetten'),
('4400', 'Steyr'),
('4407', 'Steyr-Gleink'),
('4421', 'Aschach an der Steyr'),
('4431', 'Haidershofen'),
('4432', 'Ernsthofen'),
('4441', 'Behamberg'),
('4442', 'Kleinraming'),
('4443', 'Maria Neustift'),
('4451', 'Garsten'),
('4452', 'Ternberg'),
('4453', 'Trattenbach'),
('4460', 'Losenstein'),
('4461', 'Laussa'),
('4462', 'Reichraming'),
('4463', 'Großraming'),
('4464', 'Kleinreifling'),
('4470', 'Enns'),
('4481', 'Asten'),
('4482', 'Ennsdorf'),
('4483', 'Hargelsberg'),
('4484', 'Kronstorf'),
('4490', 'St. Florian'),
('4491', 'Niederneukirchen'),
('4492', 'Hofkirchen im Traunkreis'),
('4493', 'Wolfern'),
('4501', 'Neuhofen an der Krems'),
('4502', 'St. Marien'),
('4511', 'Allhaming'),
('4521', 'Schiedlberg'),
('4522', 'Sierning'),
('4523', 'Neuzeug'),
('4531', 'Kematen an der Krems'),
('4532', 'Rohr im Kremstal'),
('4533', 'Piberbach'),
('4540', 'Bad Hall'),
('4541', 'Adlwang'),
('4542', 'Nußbach'),
('4550', 'Kremsmünster'),
('4551', 'Ried im Traunkreis'),
('4552', 'Wartberg an der Krems'),
('4553', 'Schlierbach'),
('4554', 'Oberschlierbach'),
('4560', 'Kirchdorf an der Krems'),
('4562', 'Steinbach am Ziehberg'),
('4563', 'Micheldorf'),
('4564', 'Klaus an der Pyhrnbahn'),
('4565', 'Inzersdorf im Kremstal'),
('4571', 'Steyrling'),
('4572', 'St. Pankraz'),
('4573', 'Hinterstoder'),
('4574', 'Vorderstoder'),
('4575', 'Roßleithen'),
('4580', 'Windischgarsten'),
('4581', 'Rosenau am Hengstpaß'),
('4582', 'Spital am Pyhrn'),
('4591', 'Molln'),
('4592', 'Leonstein'),
('4593', 'Obergrünburg'),
('4594', 'Grünburg'),
('4595', 'Waldneukirchen'),
('4596', 'Steinbach an der Steyr'),
('4600', 'Wels'),
('4611', 'Buchkirchen'),
('4612', 'Scharten'),
('4613', 'Mistelbach bei Wels'),
('4614', 'Marchtrenk'),
('4615', 'Holzhausen'),
('4616', 'Weißkirchen'),
('4621', 'Sipbachzell'),
('4622', 'Eggendorf im Traunkreis'),
('4623', 'Gunskirchen'),
('4624', 'Pennewang'),
('4625', 'Offenhausen'),
('4631', 'Krenglbach'),
('4632', 'Pichl bei Wels'),
('4633', 'Kematen am Innbach'),
('4641', 'Steinhaus'),
('4642', 'Sattledt'),
('4643', 'Pettenbach'),
('4644', 'Scharnstein'),
('4645', 'Grünau im Almtal'),
('4650', 'Lambach'),
('4651', 'Stadl-Paura'),
('4652', 'Steinerkirchen an der Traun'),
('4653', 'Eberstalzell'),
('4654', 'Bad Wimsbach-Neydharting'),
('4655', 'Vorchdorf'),
('4656', 'Kirchham'),
('4661', 'Roitham am Traunfall'),
('4662', 'Steyrermühl'),
('4663', 'Laakirchen'),
('4664', 'Oberweis'),
('4671', 'Neukirchen bei Lambach'),
('4672', 'Bachmanning'),
('4673', 'Gaspoltshofen'),
('4674', 'Altenhof am Hausruck'),
('4675', 'Weibern'),
('4676', 'Aistersheim'),
('4680', 'Haag am Hausruck'),
('4681', 'Rottenbach'),
('4682', 'Geboltskirchen'),
('4690', 'Schwanenstadt'),
('4691', 'Breitenschützing'),
('4692', 'Niederthalheim'),
('4693', 'Desselbrunn'),
('4694', 'Ohlsdorf'),
('4701', 'Bad Schallerbach'),
('4702', 'Wallern an der Trattnach'),
('4707', 'Schlüßlberg'),
('4710', 'Grieskirchen'),
('4712', 'Michaelnbach'),
('4713', 'Gallspach'),
('4714', 'Meggenhofen'),
('4715', 'Taufkirchen an der Trattnach'),
('4716', 'Hofkirchen an der Trattnach'),
('4720', 'Neumarkt im Hausruckkreis'),
('4721', 'Altschwendt'),
('4722', 'Peuerbach'),
('4723', 'Natternbach'),
('4724', 'Neukirchen am Walde'),
('4725', 'St. Aegidi'),
('4730', 'Waizenkirchen'),
('4731', 'Prambachkirchen'),
('4732', 'St. Thomas'),
('4733', 'Heiligenberg'),
('4741', 'Wendling'),
('4742', 'Pram'),
('4743', 'Peterskirchen'),
('4751', 'Dorf'),
('4752', 'Riedau'),
('4753', 'Taiskirchen im Innkreis'),
('4754', 'Andrichsfurt'),
('4755', 'Zell an der Pram'),
('4760', 'Raab'),
('4761', 'Enzenkirchen'),
('4762', 'St. Willibald'),
('4770', 'Andorf'),
('4771', 'Sigharting'),
('4772', 'Lambrechten'),
('4773', 'Eggerding'),
('4774', 'St. Marienkirchen bei Schärding'),
('4775', 'Taufkirchen an der Pram'),
('4776', 'Diersbach'),
('4777', 'Mayrhof'),
('4780', 'Schärding'),
('4782', 'St. Florian am Inn'),
('4783', 'Wernstein am Inn'),
('4784', 'Schardenberg'),
('4785', 'Freinberg'),
('4786', 'Brunnenthal'),
('4791', 'Rainbach im Innkreis'),
('4792', 'Münzkirchen'),
('4793', 'St. Roman'),
('4794', 'Kopfing im Innkreis'),
('4800', 'Attnang-Puchheim'),
('4801', 'Traunkirchen'),
('4802', 'Ebensee'),
('4810', 'Gmunden'),
('4812', 'Pinsdorf'),
('4813', 'Altmünster'),
('4814', 'Neukirchen'),
('4816', 'Gschwandt'),
('4817', 'St. Konrad'),
('4820', 'Bad Ischl'),
('4821', 'Lauffen'),
('4822', 'Bad Goisern am Hallstättersee'),
('4823', 'Steeg'),
('4824', 'Gosau'),
('4825', 'Gosau-Hintertal'),
('4830', 'Hallstatt'),
('4831', 'Obertraun'),
('4840', 'Vöcklabruck'),
('4841', 'Ungenach'),
('4842', 'Zell am Pettenfirst'),
('4843', 'Ampflwang'),
('4844', 'Regau'),
('4845', 'Rutzenmoos'),
('4846', 'Redlham'),
('4849', 'Puchkirchen am Trattberg'),
('4850', 'Timelkam'),
('4851', 'Gampern'),
('4852', 'Weyregg am Attersee'),
('4853', 'Steinbach am Attersee'),
('4854', 'Weißenbach'),
('4860', 'Lenzing'),
('4861', 'Schörfling'),
('4863', 'Seewalchen am Attersee'),
('4864', 'Attersee'),
('4865', 'Nußdorf am Attersee'),
('4866', 'Unterach'),
('4870', 'Vöcklamarkt'),
('4871', 'Zipf'),
('4872', 'Neukirchen an der Vöckla'),
('4873', 'Frankenburg am Hausruck'),
('4880', 'St. Georgen im Attergau'),
('4881', 'Straß im Attergau'),
('4882', 'Oberwang'),
('4890', 'Frankenmarkt'),
('4891', 'Pöndorf'),
('4892', 'Fornach'),
('4893', 'Zell am Moos'),
('4894', 'Oberhofen am Irrsee'),
('4901', 'Ottnang'),
('4902', 'Wolfsegg am Hausruck'),
('4903', 'Manning'),
('4904', 'Atzbach'),
('4906', 'Eberschwang'),
('4910', 'Ried im Innkreis'),
('4911', 'Tumeltsham'),
('4912', 'Neuhofen im Innkreis'),
('4920', 'Schildorn'),
('4921', 'Hohenzell'),
('4922', 'Geiersberg'),
('4923', 'Lohnsburg'),
('4924', 'Waldzell'),
('4925', 'Pramet'),
('4926', 'St. Marienkirchen am Hausruck'),
('4931', 'Mettmach'),
('4932', 'Kirchheim im Innkreis'),
('4933', 'Wildenau'),
('4941', 'Mehrnbach'),
('4942', 'Gurten'),
('4943', 'Geinberg'),
('4950', 'Altheim'),
('4951', 'Polling im Innkreis'),
('4952', 'Weng im Innkreis'),
('4961', 'Mühlheim am Inn'),
('4962', 'Mining'),
('4963', 'St. Peter am Hart'),
('4970', 'Eitzing'),
('4971', 'Aurolzmünster'),
('4972', 'Utzenaich'),
('4973', 'St. Martin'),
('4974', 'Ort im Innkreis'),
('4975', 'Suben'),
('4980', 'Antiesenhofen'),
('4981', 'Reichersberg'),
('4982', 'Obernberg am Inn'),
('4983', 'St. Georgen bei Obernberg am Inn'),
('4984', 'Weilbach'),
('5020', 'Salzburg'),
('5023', 'Salzburg-Gnigl'),
('5026', 'Salzburg-Aigen'),
('5061', 'Elsbethen-Glasenbach'),
('5071', 'Wals'),
('5081', 'Anif'),
('5082', 'Grödig'),
('5083', 'Gartenau-St. Leonhard'),
('5084', 'Großgmain'),
('5090', 'Lofer'),
('5091', 'Unken'),
('5092', 'St. Martin bei Lofer'),
('5093', 'Weißbach bei Lofer'),
('5101', 'Bergheim'),
('5102', 'Anthering'),
('5110', 'Oberndorf bei Salzburg'),
('5111', 'Bürmoos'),
('5112', 'Lamprechtshausen'),
('5113', 'St. Georgen bei Salzburg'),
('5114', 'Göming'),
('5120', 'St. Pantaleon'),
('5121', 'Ostermiething'),
('5122', 'Ach'),
('5123', 'Überackern'),
('5124', 'Haigermoos'),
('5131', 'Franking'),
('5132', 'Geretsberg'),
('5133', 'Gilgenberg am Weilhart'),
('5134', 'Schwand im Innkreis'),
('5141', 'Moosdorf'),
('5142', 'Eggelsberg'),
('5143', 'Feldkirchen bei Mattighofen'),
('5144', 'Handenberg'),
('5145', 'Neukirchen an der Enknach'),
('5151', 'Nußdorf am Haunsberg'),
('5152', 'Michaelbeuern'),
('5161', 'Elixhausen'),
('5162', 'Obertrum am See'),
('5163', 'Mattsee'),
('5164', 'Seeham'),
('5165', 'Berndorf bei Salzburg'),
('5166', 'Perwang am Grabensee'),
('5201', 'Seekirchen'),
('5202', 'Neumarkt am Wallersee'),
('5203', 'Köstendorf'),
('5204', 'Straßwalchen'),
('5205', 'Schleedorf'),
('5211', 'Friedburg'),
('5212', 'Schneegattern'),
('5221', 'Lochen am See'),
('5222', 'Munderfing'),
('5223', 'Pfaffstätt'),
('5224', 'Auerbach'),
('5225', 'Jeging'),
('5230', 'Mattighofen'),
('5231', 'Schalchen'),
('5232', 'Kirchberg bei Mattighofen'),
('5233', 'Pischelsdorf am Engelbach'),
('5241', 'Maria Schmolln'),
('5242', 'St. Johann am Walde'),
('5251', 'Höhnhart'),
('5252', 'Aspach'),
('5261', 'Uttendorf'),
('5270', 'Mauerkirchen'),
('5271', 'Moosbach'),
('5272', 'Treubach'),
('5273', 'Roßbach'),
('5274', 'Burgkirchen'),
('5280', 'Braunau am Inn'),
('5282', 'Braunau'),
('5300', 'Hallwang'),
('5301', 'Eugendorf'),
('5302', 'Henndorf am Wallersee'),
('5303', 'Thalgau'),
('5310', 'Mondsee'),
('5311', 'Loibichl'),
('5321', 'Koppl'),
('5322', 'Hof bei Salzburg'),
('5323', 'Ebenau'),
('5324', 'Faistenau'),
('5325', 'Plainfeld'),
('5330', 'Fuschl am See'),
('5340', 'St. Gilgen'),
('5342', 'Abersee'),
('5350', 'Strobl'),
('5360', 'St. Wolfgang im Salzkammergut'),
('5400', 'Hallein'),
('5411', 'Oberalm'),
('5412', 'Puch bei Hallein'),
('5421', 'Adnet'),
('5422', 'Heilbad Dürrnberg'),
('5423', 'St. Koloman'),
('5424', 'Bad Vigaun'),
('5425', 'Krispl'),
('5431', 'Kuchl'),
('5440', 'Golling an der Salzach'),
('5441', 'Abtenau'),
('5442', 'Rußbach am Paß Gschütt'),
('5450', 'Werfen'),
('5451', 'Tenneck'),
('5452', 'Pfarrwerfen'),
('5453', 'Werfenweng'),
('5500', 'Bischofshofen'),
('5505', 'Mühlbach am Hochkönig'),
('5511', 'Hüttau'),
('5521', 'Niedernfritz'),
('5522', 'St. Martin am Tennengebirge'),
('5523', 'Lungötz'),
('5524', 'Annaberg'),
('5531', 'Eben im Pongau'),
('5532', 'Filzmoos'),
('5541', 'Altenmarkt im Pongau'),
('5542', 'Flachau'),
('5550', 'Radstadt'),
('5552', 'Forstau'),
('5561', 'Untertauern'),
('5562', 'Obertauern'),
('5563', 'Tweng'),
('5570', 'Mauterndorf'),
('5571', 'Mariapfarr'),
('5572', 'St. Andrä im Lungau'),
('5573', 'Weißpriach'),
('5574', 'Göriach'),
('5575', 'Lessach'),
('5580', 'Tamsweg'),
('5581', 'St. Margarethen im Lungau'),
('5582', 'St. Michael im Lungau'),
('5583', 'Muhr'),
('5584', 'Zederhaus'),
('5585', 'Unternberg'),
('5591', 'Ramingstein'),
('5592', 'Thomatal'),
('5600', 'St. Johann im Pongau'),
('5602', 'Wagrain'),
('5603', 'Kleinarl'),
('5611', 'Großarl'),
('5612', 'Hüttschlag'),
('5620', 'Schwarzach im Pongau'),
('5621', 'St. Veit im Pongau'),
('5622', 'Goldegg'),
('5630', 'Bad Hofgastein'),
('5632', 'Dorfgastein'),
('5640', 'Bad Gastein'),
('5645', 'Böckstein'),
('5651', 'Lend'),
('5652', 'Dienten am Hochkönig'),
('5660', 'Taxenbach'),
('5661', 'Rauris'),
('5662', 'Gries'),
('5671', 'Bruck an der Großglocknerstraße'),
('5672', 'Fusch an der Glocknerstraße'),
('5700', 'Zell am See'),
('5710', 'Kaprun'),
('5721', 'Piesendorf'),
('5722', 'Niedernsill'),
('5723', 'Uttendorf'),
('5724', 'Stuhlfelden'),
('5730', 'Mittersill'),
('5731', 'Hollersbach im Pinzgau'),
('5732', 'Mühlbach'),
('5733', 'Bramberg am Wildkogel'),
('5741', 'Neukirchen am Großvenediger'),
('5742', 'Wald im Pinzgau'),
('5743', 'Krimml'),
('5751', 'Maishofen'),
('5752', 'Viehhofen'),
('5753', 'Saalbach'),
('5754', 'Hinterglemm'),
('5760', 'Saalfelden am Steinernen Meer'),
('5761', 'Maria Alm am Steinernen Meer'),
('5771', 'Leogang'),
('6020', 'Innsbruck'),
('6060', 'Hall in Tirol'),
('6063', 'Rum'),
('6065', 'Thaur'),
('6067', 'Absam'),
('6068', 'Mils'),
('6069', 'Gnadenwald'),
('6070', 'Ampass'),
('6071', 'Aldrans'),
('6072', 'Lans'),
('6073', 'Sistrans'),
('6074', 'Rinn'),
('6075', 'Tulfes'),
('6080', 'Innsbruck-Igls'),
('6082', 'Patsch'),
('6083', 'Ellbögen'),
('6091', 'Götzens'),
('6092', 'Birgitz'),
('6094', 'Axams'),
('6095', 'Grinzens'),
('6100', 'Seefeld in Tirol'),
('6103', 'Reith bei Seefeld'),
('6105', 'Leutasch'),
('6108', 'Scharnitz'),
('6111', 'Volders'),
('6112', 'Wattens'),
('6113', 'Wattenberg'),
('6114', 'Kolsass'),
('6115', 'Kolsassberg'),
('6116', 'Weer'),
('6121', 'Baumkirchen'),
('6122', 'Fritzens'),
('6123', 'Terfens'),
('6130', 'Schwaz'),
('6133', 'Weerberg'),
('6134', 'Vomp'),
('6135', 'Stans'),
('6136', 'Pill'),
('6141', 'Schönberg im Stubaital'),
('6142', 'Mieders'),
('6143', 'Matrei am Brenner'),
('6145', 'Navis'),
('6150', 'Steinach am Brenner'),
('6152', 'Trins'),
('6154', 'St. Jodok am Brenner'),
('6156', 'Gries am Brenner'),
('6157', 'Obernberg am Brenner'),
('6161', 'Natters'),
('6162', 'Mutters'),
('6165', 'Telfes im Stubai'),
('6166', 'Fulpmes'),
('6167', 'Neustift im Stubaital'),
('6170', 'Zirl'),
('6173', 'Oberperfuss'),
('6175', 'Kematen in Tirol'),
('6176', 'Völs'),
('6178', 'Unterperfuss'),
('6179', 'Ranggen'),
('6181', 'Sellrain'),
('6182', 'Gries im Sellrain'),
('6183', 'Kühtai'),
('6184', 'St. Sigmund'),
('6200', 'Jenbach'),
('6210', 'Wiesing'),
('6212', 'Maurach'),
('6213', 'Pertisau'),
('6215', 'Achenkirch'),
('6220', 'Buch in Tirol'),
('6222', 'Gallzein'),
('6230', 'Brixlegg'),
('6232', 'Münster'),
('6233', 'Kramsach'),
('6234', 'Brandenberg'),
('6235', 'Reith im Alpbachtal'),
('6236', 'Alpbach'),
('6240', 'Rattenberg'),
('6241', 'Radfeld'),
('6250', 'Kundl'),
('6252', 'Breitenbach am Inn'),
('6260', 'Bruck am Ziller'),
('6261', 'Strass im Zillertal'),
('6262', 'Schlitters'),
('6263', 'Fügen'),
('6264', 'Fügenberg'),
('6265', 'Hart im Zillertal'),
('6271', 'Uderns'),
('6272', 'Kaltenbach'),
('6273', 'Ried im Zillertal'),
('6274', 'Aschau'),
('6275', 'Stumm'),
('6276', 'Stummerberg'),
('6277', 'Zellberg'),
('6278', 'Hainzenberg'),
('6280', 'Zell am Ziller'),
('6281', 'Gerlos'),
('6283', 'Hippach'),
('6284', 'Ramsau im Zillertal'),
('6290', 'Mayrhofen'),
('6292', 'Finkenberg'),
('6293', 'Tux'),
('6294', 'Hintertux'),
('6295', 'Ginzling'),
('6300', 'Wörgl'),
('6305', 'Itter'),
('6306', 'Söll'),
('6311', 'Wildschönau-Oberau'),
('6313', 'Wildschönau-Auffach'),
('6314', 'Wildschönau-Niederau'),
('6320', 'Angerberg'),
('6321', 'Angath'),
('6322', 'Kirchbichl'),
('6323', 'Bad Häring'),
('6324', 'Mariastein'),
('6330', 'Kufstein'),
('6334', 'Schwoich'),
('6335', 'Thiersee'),
('6336', 'Langkampfen'),
('6341', 'Ebbs'),
('6342', 'Niederndorf'),
('6343', 'Erl'),
('6344', 'Walchsee'),
('6345', 'Kössen'),
('6346', 'Niederndorferberg'),
('6347', 'Rettenschöss'),
('6351', 'Scheffau am Wilden Kaiser'),
('6352', 'Ellmau'),
('6353', 'Going am Wilden Kaiser'),
('6361', 'Hopfgarten'),
('6363', 'Westendorf'),
('6364', 'Brixen im Thale'),
('6365', 'Kirchberg in Tirol'),
('6370', 'Kitzbühel'),
('6371', 'Aurach'),
('6372', 'Oberndorf in Tirol'),
('6373', 'Jochberg'),
('6380', 'St. Johann in Tirol'),
('6382', 'Kirchdorf in Tirol'),
('6383', 'Erpfendorf'),
('6384', 'Waidring'),
('6385', 'Schwendt'),
('6391', 'Fieberbrunn'),
('6392', 'St. Jakob in Haus'),
('6393', 'St. Ulrich am Pillersee'),
('6395', 'Hochfilzen'),
('6401', 'Inzing'),
('6402', 'Hatting'),
('6403', 'Flaurling'),
('6404', 'Polling'),
('6405', 'Pfaffenhofen'),
('6406', 'Oberhofen im Inntal'),
('6408', 'Pettnau'),
('6410', 'Telfs'),
('6413', 'Wildermieming'),
('6414', 'Mieming'),
('6416', 'Obsteig'),
('6421', 'Rietz'),
('6422', 'Stams'),
('6423', 'Mötz'),
('6424', 'Silz'),
('6425', 'Haiming'),
('6426', 'Roppen'),
('6430', 'Ötztal Bahnhof'),
('6432', 'Sautens'),
('6433', 'Oetz'),
('6441', 'Umhausen'),
('6444', 'Längenfeld'),
('6450', 'Sölden'),
('6452', 'Hochsölden'),
('6456', 'Obergurgl'),
('6458', 'Vent'),
('6460', 'Imst'),
('6462', 'Karres'),
('6463', 'Karrösten'),
('6464', 'Tarrenz'),
('6465', 'Nassereith'),
('6471', 'Arzl im Pitztal'),
('6473', 'Wenns'),
('6474', 'Jerzens'),
('6481', 'St. Leonhard im Pitztal'),
('6491', 'Schönwies'),
('6492', 'Imsterberg'),
('6493', 'Mils'),
('6500', 'Landeck'),
('6511', 'Zams'),
('6521', 'Fließ'),
('6522', 'Prutz'),
('6524', 'Feichten im Kaunertal'),
('6525', 'Faggen'),
('6526', 'Kauns'),
('6527', 'Kaunerberg'),
('6528', 'Fendels'),
('6531', 'Ried im Oberinntal'),
('6532', 'Ladis'),
('6533', 'Fiss'),
('6534', 'Serfaus'),
('6541', 'Tösens'),
('6542', 'Pfunds'),
('6543', 'Nauders'),
('6544', 'Spiss'),
('6551', 'Pians'),
('6552', 'Tobadill'),
('6553', 'See'),
('6555', 'Kappl'),
('6561', 'Ischgl'),
('6562', 'Mathon'),
('6563', 'Galtür'),
('6571', 'Strengen'),
('6572', 'Flirsch'),
('6574', 'Pettneu am Arlberg'),
('6580', 'St. Anton am Arlberg'),
('6591', 'Grins'),
('6600', 'Reutte'),
('6604', 'Höfen'),
('6610', 'Wängle'),
('6611', 'Heiterwang'),
('6621', 'Bichlbach'),
('6622', 'Berwang'),
('6623', 'Namlos'),
('6631', 'Lermoos'),
('6632', 'Ehrwald'),
('6633', 'Biberwier'),
('6642', 'Stanzach'),
('6644', 'Elmen'),
('6645', 'Vorderhornbach'),
('6646', 'Hinterhornbach'),
('6647', 'Pfafflar'),
('6650', 'Gramais'),
('6651', 'Häselgehr'),
('6652', 'Elbigenalp'),
('6653', 'Bach'),
('6654', 'Holzgau'),
('6655', 'Steeg'),
('6670', 'Forchach'),
('6671', 'Weißenbach am Lech'),
('6672', 'Nesselwängle'),
('6673', 'Grän'),
('6675', 'Tannheim'),
('6677', 'Schattwald'),
('6682', 'Vils'),
('6691', 'Jungholz'),
('6700', 'Bludenz'),
('6706', 'Bürs'),
('6707', 'Bürserberg'),
('6708', 'Brand'),
('6710', 'Nenzing'),
('6712', 'Thüringen'),
('6713', 'Ludesch'),
('6714', 'Nüziders'),
('6719', 'Bludesch'),
('6721', 'Thüringerberg'),
('6722', 'St. Gerold'),
('6723', 'Blons'),
('6731', 'Sonntag'),
('6733', 'Fontanella'),
('6741', 'Raggal'),
('6751', 'Braz'),
('6752', 'Dalaas'),
('6754', 'Klösterle'),
('6762', 'Stuben'),
('6763', 'Zürs'),
('6764', 'Lech'),
('6767', 'Warth'),
('6771', 'St. Anton im Montafon'),
('6773', 'Vandans'),
('6774', 'Tschagguns'),
('6780', 'Schruns'),
('6781', 'Bartholomäberg'),
('6782', 'Silbertal'),
('6787', 'Gargellen'),
('6791', 'St. Gallenkirch'),
('6793', 'Gaschurn'),
('6794', 'Partenen'),
('6800', 'Feldkirch'),
('6811', 'Göfis'),
('6812', 'Meiningen'),
('6820', 'Frastanz'),
('6822', 'Satteins'),
('6824', 'Schlins'),
('6830', 'Rankweil'),
('6832', 'Sulz-Röthis'),
('6833', 'Klaus-Weiler'),
('6834', 'Übersaxen'),
('6835', 'Zwischenwasser'),
('6836', 'Viktorsberg'),
('6837', 'Weiler'),
('6840', 'Götzis'),
('6841', 'Mäder'),
('6842', 'Koblach'),
('6844', 'Altach'),
('6845', 'Hohenems'),
('6850', 'Dornbirn'),
('6858', 'Schwarzach'),
('6861', 'Alberschwende'),
('6863', 'Egg'),
('6866', 'Andelsbuch'),
('6867', 'Schwarzenberg'),
('6870', 'Bezau'),
('6874', 'Bizau'),
('6881', 'Mellau'),
('6882', 'Schnepfau'),
('6883', 'Au'),
('6884', 'Damüls'),
('6886', 'Schoppernau'),
('6888', 'Schröcken'),
('6890', 'Lustenau'),
('6900', 'Bregenz'),
('6911', 'Lochau'),
('6912', 'Hörbranz'),
('6914', 'Hohenweiler'),
('6921', 'Kennelbach'),
('6922', 'Wolfurt'),
('6923', 'Lauterach'),
('6932', 'Langen bei Bregenz'),
('6933', 'Doren'),
('6934', 'Sulzberg'),
('6941', 'Langenegg'),
('6942', 'Krumbach'),
('6943', 'Riefensberg'),
('6951', 'Lingenau'),
('6952', 'Hittisau'),
('6960', 'Wolfurt-Bahnhof'),
('6971', 'Hard'),
('6972', 'Fußach'),
('6973', 'Höchst'),
('6974', 'Gaißau'),
('6991', 'Riezlern'),
('6992', 'Hirschegg'),
('6993', 'Mittelberg'),
('7000', 'Eisenstadt'),
('7011', 'Siegendorf'),
('7012', 'Zagersdorf'),
('7013', 'Klingenbach'),
('7020', 'Loipersbach im Burgenland'),
('7021', 'Draßburg'),
('7022', 'Schattendorf'),
('7023', 'Zemendorf'),
('7024', 'Hirm'),
('7025', 'Pöttelsdorf'),
('7031', 'Krensdorf'),
('7032', 'Sigleß'),
('7033', 'Pöttsching'),
('7034', 'Zillingtal'),
('7035', 'Steinbrunn'),
('7041', 'Wulkaprodersdorf'),
('7042', 'Antau'),
('7051', 'Großhöflein'),
('7052', 'Müllendorf'),
('7053', 'Hornstein'),
('7061', 'Trausdorf an der Wulka'),
('7062', 'St. Margarethen im Burgenland'),
('7063', 'Oggau'),
('7064', 'Oslip'),
('7071', 'Rust'),
('7072', 'Mörbisch am See'),
('7081', 'Schützen am Gebirge'),
('7082', 'Donnerskirchen'),
('7083', 'Purbach am Neusiedler See'),
('7091', 'Breitenbrunn am Neusiedler See'),
('7092', 'Winden am See'),
('7093', 'Jois'),
('7100', 'Neusiedl am See'),
('7111', 'Parndorf'),
('7121', 'Weiden am See'),
('7122', 'Gols'),
('7123', 'Mönchhof'),
('7131', 'Halbturn'),
('7132', 'Frauenkirchen'),
('7141', 'Podersdorf am See'),
('7142', 'Illmitz'),
('7143', 'Apetlon'),
('7151', 'Wallern im Burgenland'),
('7152', 'Pamhagen'),
('7161', 'St. Andrä am Zicksee'),
('7162', 'Tadten'),
('7163', 'Andau'),
('7201', 'Neudörfl'),
('7202', 'Bad Sauerbrunn'),
('7203', 'Wiesen'),
('7210', 'Mattersburg'),
('7212', 'Forchtenstein'),
('7221', 'Marz'),
('7222', 'Rohrbach bei Mattersburg'),
('7223', 'Sieggraben'),
('7301', 'Deutschkreutz'),
('7302', 'Nikitsch'),
('7304', 'Großwarasdorf'),
('7311', 'Neckenmarkt'),
('7312', 'Horitschon'),
('7321', 'Lackendorf'),
('7322', 'Lackenbach'),
('7323', 'Ritzing'),
('7331', 'Weppersdorf'),
('7332', 'Kobersdorf'),
('7341', 'Markt St. Martin'),
('7342', 'Kaisersdorf'),
('7343', 'Neutal'),
('7344', 'Stoob'),
('7350', 'Oberpullendorf'),
('7361', 'Lutzmannsburg'),
('7371', 'Unterrabnitz'),
('7372', 'Draßmarkt'),
('7373', 'Piringsdorf'),
('7374', 'Weingraben'),
('7400', 'Oberwart'),
('7410', 'Loipersdorf-Kitzladen'),
('7411', 'Markt Allhau'),
('7412', 'Wolfau'),
('7420', 'Neustift an der Lafnitz'),
('7421', 'Tauchen-Schaueregg'),
('7422', 'Riedlingsdorf'),
('7423', 'Pinkafeld'),
('7425', 'Wiesfleck'),
('7431', 'Bad Tatzmannsdorf'),
('7432', 'Oberschützen'),
('7433', 'Mariasdorf'),
('7434', 'Bernstein'),
('7435', 'Unterkohlstätten'),
('7441', 'Pilgersdorf'),
('7442', 'Lockenhaus'),
('7443', 'Rattersdorf-Liebing'),
('7444', 'Mannersdorf an der Rabnitz'),
('7451', 'Oberloisdorf'),
('7452', 'Unterpullendorf'),
('7453', 'Steinberg-Dörfl'),
('7461', 'Stadtschlaining'),
('7463', 'Weiden bei Rechnitz'),
('7464', 'Markt Neuhodis'),
('7471', 'Rechnitz'),
('7472', 'Schachendorf'),
('7473', 'Hannersdorf'),
('7474', 'Deutsch Schützen'),
('7501', 'Rotenturm an der Pinka'),
('7502', 'Unterwart'),
('7503', 'Großpetersdorf'),
('7511', 'Mischendorf'),
('7512', 'Kohfidisch'),
('7521', 'Eberau'),
('7522', 'Strem'),
('7531', 'Kemeten'),
('7532', 'Litzelsdorf'),
('7533', 'Ollersdorf im Burgenland'),
('7534', 'Olbendorf'),
('7535', 'St. Michael im Burgenland'),
('7536', 'Güttenbach'),
('7537', 'Neuberg im Burgenland'),
('7540', 'Güssing'),
('7542', 'Gerersdorf bei Güssing'),
('7543', 'Kukmirn'),
('7544', 'Tobaj'),
('7545', 'Neustift bei Güssing'),
('7546', 'Moschendorf'),
('7550', 'Wörterberg'),
('7551', 'Stegersbach'),
('7552', 'Stinatz'),
('7553', 'Bocksdorf'),
('7554', 'Rohr im Burgenland'),
('7561', 'Heiligenkreuz im Lafnitztal'),
('7562', 'Eltendorf'),
('7563', 'Königsdorf'),
('7564', 'Dobersdorf'),
('7571', 'Rudersdorf'),
('7572', 'Deutsch Kaltenbrunn'),
('7574', 'Burgauberg-Neudauberg'),
('8010', 'Graz'),
('8020', 'Graz'),
('8036', 'Graz'),
('8041', 'Graz-Liebenau'),
('8042', 'Graz-St. Peter'),
('8043', 'Graz-Kroisbach'),
('8044', 'Graz-Mariatrost'),
('8045', 'Graz-Andritz'),
('8046', 'Graz-St. Veit'),
('8047', 'Graz-Ragnitz'),
('8051', 'Graz-Gösting'),
('8052', 'Graz-Wetzelsdorf'),
('8053', 'Graz-Neuhart'),
('8054', 'Graz-Straßgang'),
('8055', 'Graz-Puntigam'),
('8061', 'St. Radegund bei Graz'),
('8062', 'Kumberg'),
('8063', 'Eggersdorf bei Graz'),
('8071', 'Hausmannstätten'),
('8072', 'Fernitz'),
('8073', 'Feldkirchen bei Graz'),
('8074', 'Raaba'),
('8075', 'Hart bei Graz'),
('8076', 'Vasoldsberg'),
('8077', 'Gössendorf'),
('8081', 'Heiligenkreuz am Waasen'),
('8082', 'Kirchbach in Steiermark'),
('8083', 'St. Stefan im Rosental'),
('8091', 'Jagerberg'),
('8092', 'Mettersdorf am Saßbach'),
('8093', 'St. Peter am Ottersbach'),
('8101', 'Gratkorn'),
('8102', 'Semriach'),
('8103', 'Rein'),
('8111', 'Judendorf-Straßengel'),
('8112', 'Gratwein'),
('8113', 'St. Oswald bei Plankenwarth'),
('8114', 'Stübing'),
('8120', 'Peggau'),
('8121', 'Deutschfeistritz'),
('8122', 'Waldstein'),
('8124', 'Übelbach'),
('8130', 'Frohnleiten'),
('8131', 'Mixnitz'),
('8132', 'Pernegg an der Mur'),
('8141', 'Unterpremstätten'),
('8142', 'Wundschuh'),
('8143', 'Dobl'),
('8144', 'Tobelbad'),
('8151', 'Hitzendorf'),
('8152', 'Stallhofen'),
('8153', 'Geistthal'),
('8160', 'Weiz'),
('8162', 'Passail'),
('8163', 'Fladnitz an der Teichalm'),
('8164', 'Gutenberg'),
('8171', 'St. Kathrein am Offenegg'),
('8172', 'Heilbrunn'),
('8181', 'St. Ruprecht an der Raab'),
('8182', 'Puch bei Weiz'),
('8183', 'Floing'),
('8184', 'Anger'),
('8190', 'Birkfeld'),
('8191', 'Koglhof'),
('8192', 'Strallegg'),
('8200', 'Gleisdorf'),
('8211', 'Ilztal'),
('8212', 'Pischelsdorf am Kulm'),
('8213', 'Gersdorf  an der Feistritz'),
('8221', 'Hirnsdorf'),
('8222', 'St. Johann bei Herberstein'),
('8223', 'Stubenberg am See'),
('8224', 'Kaindorf bei Hartberg'),
('8225', 'Pöllau bei Hartberg'),
('8230', 'Hartberg'),
('8232', 'Grafendorf bei Hartberg'),
('8233', 'Lafnitz'),
('8234', 'Rohrbach an der Lafnitz'),
('8240', 'Friedberg'),
('8241', 'Dechantskirchen'),
('8242', 'St. Lorenzen am Wechsel'),
('8243', 'Pinggau'),
('8244', 'Schäffern'),
('8250', 'Vorau'),
('8251', 'Bruck an der Lafnitz'),
('8252', 'Mönichwald'),
('8253', 'Waldbach'),
('8254', 'Wenigzell'),
('8255', 'St. Jakob'),
('8261', 'Sinabelkirchen'),
('8262', 'Ilz'),
('8263', 'Großwilfersdorf'),
('8264', 'Hainersdorf'),
('8265', 'Großsteinbach'),
('8271', 'Bad Waltersdorf'),
('8272', 'Sebersdorf'),
('8273', 'Ebersdorf'),
('8274', 'Buch'),
('8280', 'Fürstenfeld'),
('8282', 'Bad Loipersdorf'),
('8283', 'Bad Blumau'),
('8291', 'Burgau'),
('8292', 'Neudau'),
('8293', 'Wörth an der Lafnitz'),
('8294', 'Unterrohr'),
('8295', 'St. Johann in der Haide'),
('8301', 'Laßnitzhöhe'),
('8302', 'Nestelbach bei Graz'),
('8311', 'Markt Hartmannsdorf'),
('8312', 'Ottendorf an der Rittschein'),
('8313', 'Breitenfeld an der Rittschein'),
('8321', 'St. Margarethen an der Raab'),
('8322', 'Studenzen'),
('8323', 'St. Marein bei Graz'),
('8324', 'Kirchberg an der Raab'),
('8330', 'Feldbach'),
('8332', 'Edelsbach bei Feldbach'),
('8333', 'Riegersburg'),
('8334', 'Lödersdorf'),
('8341', 'Paldau'),
('8342', 'Gnas'),
('8343', 'Trautmannsdorf in Oststeiermark'),
('8344', 'Bad Gleichenberg'),
('8345', 'Straden'),
('8350', 'Fehring'),
('8352', 'Unterlamm'),
('8353', 'Kapfenstein'),
('8354', 'St. Anna am Aigen'),
('8355', 'Tieschen'),
('8361', 'Hatzendorf'),
('8362', 'Söchau'),
('8380', 'Jennersdorf'),
('8382', 'Mogersdorf'),
('8383', 'St. Martin an der Raab'),
('8384', 'Minihof-Liebau'),
('8385', 'Neuhaus am Klausenbach'),
('8401', 'Kalsdorf bei Graz'),
('8402', 'Werndorf'),
('8403', 'Lebring'),
('8410', 'Wildon'),
('8411', 'Hengsberg'),
('8412', 'Allerheiligen bei Wildon'),
('8413', 'St. Georgen an der Stiefing'),
('8421', 'Wolfsberg im Schwarzautal'),
('8422', 'St. Nikolai ob Draßling'),
('8423', 'St. Veit am Vogau'),
('8424', 'Gabersdorf'),
('8430', 'Leibnitz'),
('8431', 'Gralla'),
('8434', 'Tillmitsch'),
('8435', 'Wagna'),
('8441', 'Fresing'),
('8442', 'Kitzeck im Sausal'),
('8443', 'Gleinstätten'),
('8444', 'St. Andrä im Sausal'),
('8451', 'Heimschuh'),
('8452', 'Großklein'),
('8453', 'St. Johann im Saggautal'),
('8454', 'Arnfels'),
('8455', 'Oberhaag'),
('8461', 'Ehrenhausen'),
('8462', 'Gamlitz'),
('8463', 'Leutschach'),
('8472', 'Straß in Steiermark'),
('8473', 'Weitersfeld an der Mur'),
('8480', 'Mureck'),
('8481', 'Weinburg am Saßbach'),
('8483', 'Deutsch Goritz'),
('8484', 'Unterpurkla'),
('8490', 'Bad Radkersburg'),
('8492', 'Halbenrain'),
('8493', 'Klöch'),
('8501', 'Lieboch'),
('8502', 'Lannach'),
('8503', 'St. Josef Weststeiermark'),
('8504', 'Preding'),
('8505', 'St. Nikolai im Sausal'),
('8510', 'Stainz'),
('8511', 'St. Stefan ob Stainz'),
('8521', 'Wettmannstätten'),
('8522', 'Groß St. Florian'),
('8523', 'Frauental an der Laßnitz'),
('8524', 'Bad Gams'),
('8530', 'Deutschlandsberg'),
('8541', 'Schwanberg'),
('8542', 'St. Peter im Sulmtal'),
('8543', 'St. Martin im Sulmtal'),
('8544', 'Pölfing-Brunn'),
('8551', 'Wies'),
('8552', 'Eibiswald'),
('8553', 'St. Oswald ob Eibiswald'),
('8554', 'Soboth'),
('8561', 'Söding'),
('8562', 'Mooskirchen'),
('8563', 'Ligist'),
('8564', 'Krottendorf-Gaisfeld'),
('8570', 'Voitsberg'),
('8572', 'Bärnbach'),
('8573', 'Kainach bei Voitsberg'),
('8580', 'Köflach'),
('8582', 'Rosental an der Kainach'),
('8583', 'Edelschrott'),
('8584', 'Hirschegg'),
('8591', 'Maria Lankowitz'),
('8592', 'Salla'),
('8593', 'Graden'),
('8600', 'Bruck an der Mur'),
('8605', 'Kapfenberg'),
('8611', 'St. Katharein an der Laming'),
('8612', 'Tragöß-Oberort'),
('8614', 'Breitenau'),
('8616', 'Gasen'),
('8621', 'Thörl'),
('8622', 'Etmißl'),
('8623', 'Aflenz Kurort'),
('8624', 'Au'),
('8625', 'Turnau'),
('8630', 'Mariazell'),
('8632', 'Gußwerk'),
('8634', 'Wegscheid'),
('8635', 'Gollrad'),
('8636', 'Seewiesen'),
('8641', 'St. Marein im Mürztal'),
('8642', 'St. Lorenzen im Mürztal'),
('8643', 'Allerheiligen im Mürztal'),
('8644', 'Mürzhofen'),
('8650', 'Kindberg'),
('8652', 'Kindberg-Aumühl'),
('8653', 'Stanz im Mürztal'),
('8654', 'Fischbach'),
('8661', 'Wartberg im Mürztal'),
('8662', 'Mitterdorf im Mürztal'),
('8663', 'Dorf Veitsch'),
('8664', 'Großveitsch'),
('8665', 'Langenwang'),
('8670', 'Krieglach'),
('8671', 'Alpl'),
('8672', 'St. Kathrein am Hauenstein'),
('8673', 'Ratten'),
('8674', 'Rettenegg'),
('8680', 'Mürzzuschlag'),
('8682', 'Mürzzuschlag-Hönigsberg'),
('8684', 'Spital am Semmering'),
('8685', 'Steinhaus am Semmering'),
('8691', 'Kapellen'),
('8692', 'Neuberg an der Mürz'),
('8693', 'Mürzsteg'),
('8694', 'Frein an der Mürz'),
('8700', 'Leoben'),
('8712', 'Niklasdorf'),
('8713', 'St. Stefan ob Leoben'),
('8714', 'Kraubath an der Mur'),
('8715', 'St. Lorenzen bei Knittelfeld'),
('8720', 'Knittelfeld'),
('8723', 'Kobenz'),
('8724', 'Spielberg'),
('8731', 'Bischoffeld'),
('8732', 'Seckau'),
('8733', 'St. Marein bei Knittelfeld'),
('8734', 'Großlobming'),
('8740', 'Zeltweg'),
('8741', 'Weißkirchen in Steiermark'),
('8742', 'Obdach'),
('8750', 'Judenburg'),
('8753', 'Fohnsdorf'),
('8754', 'Thalheim'),
('8755', 'St. Peter ob Judenburg'),
('8756', 'St. Georgen ob Judenburg'),
('8761', 'Pöls'),
('8762', 'Oberzeiring'),
('8763', 'Möderbrugg'),
('8764', 'Pusterwald'),
('8765', 'St. Johann am Tauern'),
('8770', 'St. Michael in Obersteiermark'),
('8772', 'Timmersdorf'),
('8773', 'Kammern im Liesingtal'),
('8774', 'Mautern in Steiermark'),
('8775', 'Kalwang'),
('8781', 'Wald am Schoberpaß'),
('8782', 'Treglwang'),
('8783', 'Gaishorn am See'),
('8784', 'Trieben'),
('8785', 'Hohentauern'),
('8786', 'Rottenmann'),
('8790', 'Eisenerz'),
('8792', 'St. Peter-Freienstein'),
('8793', 'Trofaiach'),
('8794', 'Vordernberg'),
('8795', 'Radmer'),
('8800', 'Unzmarkt'),
('8811', 'Scheifling'),
('8812', 'Mariahof'),
('8813', 'St. Lambrecht'),
('8820', 'Neumarkt in Steiermark'),
('8822', 'Mühlen'),
('8831', 'Niederwölz'),
('8832', 'Oberwölz'),
('8833', 'Teufenbach'),
('8841', 'Frojach'),
('8842', 'Katsch an der Mur'),
('8843', 'St. Peter am Kammersberg'),
('8844', 'Schöder'),
('8850', 'Murau'),
('8852', 'Stolzalpe'),
('8853', 'Ranten'),
('8854', 'Krakaudorf'),
('8861', 'St. Georgen ob Murau'),
('8862', 'Stadl an der Mur'),
('8863', 'Predlitz'),
('8864', 'Turrach'),
('8900', 'Selzthal'),
('8903', 'Lassing'),
('8904', 'Ardning'),
('8911', 'Admont'),
('8912', 'Johnsbach'),
('8913', 'Weng'),
('8920', 'Hieflau'),
('8921', 'Lainbach'),
('8922', 'Gams bei Hieflau'),
('8923', 'Palfau'),
('8924', 'Wildalpen'),
('8931', 'Landl'),
('8932', 'Weißenbach an der Enns'),
('8933', 'St. Gallen'),
('8934', 'Altenmarkt bei St. Gallen'),
('8940', 'Liezen'),
('8942', 'Wörschach'),
('8943', 'Aigen im Ennstal'),
('8950', 'Stainach'),
('8951', 'Trautenfels'),
('8952', 'Irdning'),
('8953', 'Donnersbach'),
('8954', 'St. Martin am Grimming'),
('8960', 'Öblarn'),
('8961', 'Stein an der Enns'),
('8962', 'Gröbming'),
('8965', 'Pruggern'),
('8966', 'Aich-Assach'),
('8967', 'Haus'),
('8970', 'Schladming'),
('8971', 'Rohrmoos-Untertal'),
('8972', 'Ramsau'),
('8973', 'Pichl'),
('8974', 'Mandling'),
('8982', 'Tauplitz'),
('8983', 'Bad Mitterndorf'),
('8984', 'Kainisch'),
('8990', 'Bad Aussee'),
('8992', 'Altaussee'),
('8993', 'Grundlsee'),
('9020', 'Klagenfurt am Wörthersee'),
('9061', 'Klagenfurt-Wölfnitz'),
('9062', 'Moosburg'),
('9063', 'Maria Saal'),
('9064', 'Pischeldorf'),
('9065', 'Ebenthal'),
('9071', 'Köttmannsdorf'),
('9072', 'Ludmannsdorf'),
('9073', 'Klagenfurt-Viktring'),
('9074', 'Keutschach'),
('9081', 'Reifnitz'),
('9082', 'Maria Wörth'),
('9100', 'Völkermarkt'),
('9102', 'Mittertrixen'),
('9103', 'Diex'),
('9111', 'Haimburg'),
('9112', 'Griffen'),
('9113', 'Ruden'),
('9121', 'Tainach'),
('9122', 'St. Kanzian am Klopeiner See'),
('9123', 'St. Primus'),
('9125', 'Kühnsdorf'),
('9130', 'Poggersdorf'),
('9131', 'Grafenstein'),
('9132', 'Gallizien'),
('9133', 'Sittersdorf'),
('9135', 'Bad Eisenkappel'),
('9141', 'Eberndorf'),
('9142', 'Globasnitz'),
('9143', 'St. Michael ob Bleiburg'),
('9150', 'Bleiburg'),
('9155', 'Neuhaus'),
('9161', 'Maria Rain'),
('9162', 'Strau'),
('9163', 'Unterbergen'),
('9170', 'Ferlach'),
('9173', 'St. Margareten im Rosental'),
('9181', 'Feistritz im Rosental'),
('9182', 'Maria Elend'),
('9183', 'Rosenbach'),
('9184', 'St. Jakob im Rosental'),
('9201', 'Krumpendorf'),
('9210', 'Pörtschach am Wörther See'),
('9212', 'Techelsberg am Wörther See'),
('9220', 'Velden am Wörther See'),
('9231', 'Köstenberg'),
('9232', 'Rosegg'),
('9241', 'Wernberg'),
('9300', 'St. Veit an der Glan'),
('9311', 'Kraig'),
('9312', 'Meiselding'),
('9313', 'St. Georgen am Längsee'),
('9314', 'Launsdorf'),
('9321', 'Kappel am Krappfeld'),
('9322', 'Micheldorf'),
('9323', 'Wildbad Einöd'),
('9330', 'Treibach-Althofen'),
('9334', 'Guttaring'),
('9335', 'Lölling'),
('9341', 'Straßburg'),
('9342', 'Gurk'),
('9343', 'Zweinitz'),
('9344', 'Weitensfeld'),
('9345', 'Kleinglödnitz'),
('9346', 'Glödnitz'),
('9360', 'Friesach'),
('9361', 'St. Salvator'),
('9362', 'Grades'),
('9363', 'Metnitz'),
('9371', 'Brückl'),
('9372', 'Eberstein'),
('9373', 'Klein St. Paul'),
('9374', 'Wieting'),
('9375', 'Hüttenberg'),
('9376', 'Knappenberg'),
('9400', 'Wolfsberg'),
('9411', 'St. Michael'),
('9412', 'St. Margarethen im Lavanttal'),
('9413', 'St. Gertraud'),
('9421', 'Eitweg'),
('9422', 'Maria Rojach'),
('9423', 'St. Georgen'),
('9431', 'St. Stefan'),
('9433', 'St. Andrä'),
('9441', 'Twimberg'),
('9451', 'Preitenegg'),
('9461', 'Prebl'),
('9462', 'Bad St. Leonhard im Lavanttal'),
('9463', 'Reichenfels'),
('9470', 'St. Paul im Lavanttal'),
('9472', 'Ettendorf'),
('9473', 'Lavamünd'),
('9500', 'Villach'),
('9504', 'Villach-Warmbad Villach'),
('9520', 'Sattendorf'),
('9521', 'Treffen'),
('9523', 'Villach-Landskron'),
('9524', 'Villach-St. Magdalen'),
('9530', 'Bad Bleiberg');

-- --------------------------------------------------------

--
-- Tabellenstruktur für Tabelle `sperrliste`
--

CREATE TABLE `sperrliste` (
  `id` int(11) NOT NULL,
  `vorname` varchar(100) NOT NULL,
  `nachname` varchar(100) NOT NULL,
  `lizenznummer` varchar(100) DEFAULT NULL,
  `erstellt_am` timestamp NULL DEFAULT current_timestamp(),
  `aktualisiert_am` timestamp NULL DEFAULT current_timestamp() ON UPDATE current_timestamp(),
  `notiz` text DEFAULT NULL
) ENGINE=InnoDB DEFAULT CHARSET=utf8mb4 COLLATE=utf8mb4_unicode_ci;

--
-- Daten für Tabelle `sperrliste`
--

INSERT INTO `sperrliste` (`id`, `vorname`, `nachname`, `lizenznummer`, `erstellt_am`, `aktualisiert_am`, `notiz`) VALUES
(5, 'Dejan', 'Marinkovic', NULL, '2025-10-24 15:51:47', '2025-10-24 15:51:47', NULL),
(6, 'Daniela', 'Löwy', NULL, '2025-10-24 15:51:47', '2025-10-24 15:51:47', NULL),
(7, 'Michael', 'Hollaus', NULL, '2025-10-24 15:51:47', '2025-10-24 15:51:47', NULL),
(8, 'Thomas', 'Fleischmann', NULL, '2025-10-24 15:51:47', '2025-10-24 15:51:47', NULL),
(9, 'Zoran', 'Cvetkovic', NULL, '2025-10-24 15:51:47', '2025-10-24 15:51:47', NULL),
(10, 'Milos', 'Cvetkovic', NULL, '2025-10-24 15:51:47', '2025-10-24 15:51:47', NULL),
(11, 'Nebojsa', 'Jovic', NULL, '2025-10-24 15:51:47', '2025-10-24 15:51:47', NULL);

--
-- Indizes der exportierten Tabellen
--

--
-- Indizes für die Tabelle `bewerber`
--
ALTER TABLE `bewerber`
  ADD PRIMARY KEY (`id`);

--
-- Indizes für die Tabelle `boote`
--
ALTER TABLE `boote`
  ADD PRIMARY KEY (`id`),
  ADD KEY `idx_boote_lizenznehmer` (`lizenznehmer_id`);

--
-- Indizes für die Tabelle `jahresabschluesse`
--
ALTER TABLE `jahresabschluesse`
  ADD PRIMARY KEY (`jahr`);

--
-- Indizes für die Tabelle `lizenzen_2025`
--
ALTER TABLE `lizenzen_2025`
  ADD PRIMARY KEY (`id`),
  ADD KEY `lizenznehmer_id` (`lizenznehmer_id`);

--
-- Indizes für die Tabelle `lizenzen_2026`
--
ALTER TABLE `lizenzen_2026`
  ADD PRIMARY KEY (`id`),
  ADD KEY `lizenznehmer_id` (`lizenznehmer_id`);

--
-- Indizes für die Tabelle `lizenznehmer`
--
ALTER TABLE `lizenznehmer`
  ADD PRIMARY KEY (`id`);

--
-- Indizes für die Tabelle `lizenzpreise`
--
ALTER TABLE `lizenzpreise`
  ADD PRIMARY KEY (`jahr`,`lizenztyp`);

--
-- Indizes für die Tabelle `plz_orte`
--
ALTER TABLE `plz_orte`
  ADD PRIMARY KEY (`plz`);

--
-- Indizes für die Tabelle `sperrliste`
--
ALTER TABLE `sperrliste`
  ADD PRIMARY KEY (`id`);

--
-- AUTO_INCREMENT für exportierte Tabellen
--

--
-- AUTO_INCREMENT für Tabelle `bewerber`
--
ALTER TABLE `bewerber`
  MODIFY `id` int(11) NOT NULL AUTO_INCREMENT, AUTO_INCREMENT=74;

--
-- AUTO_INCREMENT für Tabelle `boote`
--
ALTER TABLE `boote`
  MODIFY `id` int(11) NOT NULL AUTO_INCREMENT, AUTO_INCREMENT=48;

--
-- AUTO_INCREMENT für Tabelle `lizenzen_2025`
--
ALTER TABLE `lizenzen_2025`
  MODIFY `id` int(11) NOT NULL AUTO_INCREMENT, AUTO_INCREMENT=176;

--
-- AUTO_INCREMENT für Tabelle `lizenzen_2026`
--
ALTER TABLE `lizenzen_2026`
  MODIFY `id` int(11) NOT NULL AUTO_INCREMENT, AUTO_INCREMENT=160;

--
-- AUTO_INCREMENT für Tabelle `lizenznehmer`
--
ALTER TABLE `lizenznehmer`
  MODIFY `id` int(11) NOT NULL AUTO_INCREMENT, AUTO_INCREMENT=216;

--
-- AUTO_INCREMENT für Tabelle `sperrliste`
--
ALTER TABLE `sperrliste`
  MODIFY `id` int(11) NOT NULL AUTO_INCREMENT, AUTO_INCREMENT=12;

--
-- Constraints der exportierten Tabellen
--

--
-- Constraints der Tabelle `boote`
--
ALTER TABLE `boote`
  ADD CONSTRAINT `fk_boote_lizenznehmer` FOREIGN KEY (`lizenznehmer_id`) REFERENCES `lizenznehmer` (`id`) ON DELETE SET NULL;

--
-- Constraints der Tabelle `lizenzen_2025`
--
ALTER TABLE `lizenzen_2025`
  ADD CONSTRAINT `lizenzen_2025_ibfk_1` FOREIGN KEY (`lizenznehmer_id`) REFERENCES `lizenznehmer` (`id`);

--
-- Constraints der Tabelle `lizenzen_2026`
--
ALTER TABLE `lizenzen_2026`
  ADD CONSTRAINT `lizenzen_2026_ibfk_1` FOREIGN KEY (`lizenznehmer_id`) REFERENCES `lizenznehmer` (`id`);
COMMIT;

/*!40101 SET CHARACTER_SET_CLIENT=@OLD_CHARACTER_SET_CLIENT */;
/*!40101 SET CHARACTER_SET_RESULTS=@OLD_CHARACTER_SET_RESULTS */;
/*!40101 SET COLLATION_CONNECTION=@OLD_COLLATION_CONNECTION */;
